,Date,"Price($,mean)",High,Low,Daily_diff($),Change%,Vol.
0,2017-11-09,1.99,2.2,1.9,0.30000000000000027,0.0,283.35K
1,2017-11-10,1.71,2.02,1.6,0.41999999999999993,-14.07,483.23K
2,2017-11-11,1.66,1.93,1.58,0.34999999999999987,-2.92,256.71K
3,2017-11-12,1.49,1.7,1.34,0.3599999999999999,-10.24,456.48K
4,2017-11-13,1.68,1.74,1.49,0.25,12.75,166.01K
5,2017-11-14,1.59,1.74,1.53,0.20999999999999996,-5.36,173.13K
6,2017-11-15,1.55,1.68,1.49,0.18999999999999995,-2.52,291.61K
7,2017-11-16,1.56,1.67,1.51,0.15999999999999992,0.65,193.73K
8,2017-11-17,1.5,1.58,1.49,0.09000000000000008,-3.85,419.40K
9,2017-11-18,1.67,1.67,1.49,0.17999999999999994,11.33,168.62K
10,2017-11-19,1.6,1.69,1.58,0.10999999999999988,-4.19,172.57K
11,2017-11-20,1.64,1.65,1.56,0.08999999999999986,2.5,158.70K
12,2017-11-21,1.59,1.64,1.54,0.09999999999999987,-3.05,404.20K
13,2017-11-22,1.62,1.62,1.56,0.06000000000000005,1.89,179.15K
14,2017-11-23,1.57,1.62,1.54,0.08000000000000007,-3.09,178.86K
15,2017-11-24,1.73,1.82,1.54,0.28,10.19,631.81K
16,2017-11-25,1.87,1.96,1.68,0.28,8.09,462.64K
17,2017-11-26,1.84,1.91,1.76,0.1499999999999999,-1.6,192.60K
18,2017-11-27,1.95,1.95,1.74,0.20999999999999996,5.98,472.12K
19,2017-11-28,1.92,1.95,1.8,0.1499999999999999,-1.54,357.69K
20,2017-11-29,1.76,2.05,1.55,0.4999999999999998,-8.33,901.09K
21,2017-11-30,1.95,2.04,1.71,0.33000000000000007,10.8,736.32K
22,2017-12-01,2.05,2.14,1.88,0.26000000000000023,5.13,308.39K
23,2017-12-02,2.08,2.12,1.98,0.14000000000000012,1.46,240.59K
24,2017-12-03,2.26,2.4,2.04,0.3599999999999999,8.65,341.64K
25,2017-12-04,2.55,2.59,2.26,0.33000000000000007,12.83,369.61K
26,2017-12-05,2.61,2.75,2.5,0.25,2.35,418.31K
27,2017-12-06,2.51,2.8,2.33,0.46999999999999975,-3.83,369.57K
28,2017-12-07,2.66,2.84,2.4,0.43999999999999995,5.98,520.77K
29,2017-12-08,2.79,2.8,2.21,0.5899999999999999,4.89,641.80K
30,2017-12-09,2.65,2.81,2.18,0.6299999999999999,-5.02,470.09K
31,2017-12-10,2.46,2.66,2.13,0.5300000000000002,-7.17,548.97K
32,2017-12-11,2.69,2.78,2.45,0.3299999999999996,9.35,378.45K
33,2017-12-12,2.55,2.74,2.45,0.29000000000000004,-5.2,534.10K
34,2017-12-13,2.72,2.74,2.27,0.4700000000000002,6.67,669.43K
35,2017-12-14,3.15,3.15,2.63,0.52,15.81,871.68K
36,2017-12-15,4.12,4.4,2.99,1.4100000000000001,30.79,896.22K
37,2017-12-16,4.64,4.72,3.82,0.8999999999999999,12.62,767.29K
38,2017-12-17,6.0,6.7,4.6,2.1000000000000005,29.31,1.52M
39,2017-12-18,6.0,6.1,4.75,1.3499999999999996,0.0,1.41M
40,2017-12-19,5.7,6.46,5.27,1.1900000000000004,-5.0,1.74M
41,2017-12-20,5.15,5.7,4.68,1.0200000000000005,-9.65,1.38M
42,2017-12-21,5.16,5.69,4.42,1.2700000000000005,0.19,984.45K
43,2017-12-22,4.29,5.2,3.25,1.9500000000000002,-16.86,1.57M
44,2017-12-23,4.4,5.0,4.17,0.8300000000000001,2.56,945.70K
45,2017-12-24,5.18,5.2,3.8,1.4000000000000004,17.73,1.03M
46,2017-12-25,6.46,6.88,5.03,1.8499999999999996,24.71,1.44M
47,2017-12-26,9.25,10.79,6.35,4.4399999999999995,43.19,2.97M
48,2017-12-27,10.07,11.3,8.26,3.040000000000001,8.86,2.73M
49,2017-12-28,9.25,10.25,7.8,2.45,-8.14,2.52M
50,2017-12-29,8.71,9.8,8.39,1.4100000000000001,-5.84,1.37M
51,2017-12-30,7.59,8.71,6.93,1.7800000000000011,-12.86,1.61M
52,2017-12-31,8.53,8.8,7.52,1.2800000000000011,12.38,1.26M
53,2018-01-01,8.45,8.7,7.8,0.8999999999999995,-0.94,642.51K
54,2018-01-02,8.72,9.11,8.09,1.0199999999999996,3.2,1.23M
55,2018-01-03,9.3,9.47,8.27,1.200000000000001,6.65,926.41K
56,2018-01-04,9.14,9.46,8.56,0.9000000000000004,-1.72,918.41K
57,2018-01-05,14.88,16.82,8.97,7.85,62.8,2.60M
58,2018-01-06,22.6,23.6,14.7,8.900000000000002,51.88,2.66M
59,2018-01-07,18.59,22.66,18.05,4.609999999999999,-17.74,1.38M
60,2018-01-08,18.0,19.3,14.0,5.300000000000001,-3.17,2.00M
61,2018-01-09,17.4,20.61,16.43,4.18,-3.33,1.26M
62,2018-01-10,17.48,17.56,14.6,2.959999999999999,0.46,1.13M
63,2018-01-11,21.33,23.0,13.9,9.1,22.04,3.54M
64,2018-01-12,22.05,24.64,19.28,5.359999999999999,3.38,2.92M
65,2018-01-13,22.09,23.5,21.1,2.3999999999999986,0.17,1.08M
66,2018-01-14,20.45,22.1,18.27,3.830000000000002,-7.41,1.38M
67,2018-01-15,19.44,23.23,19.05,4.18,-4.96,2.29M
68,2018-01-16,13.0,19.44,10.0,9.440000000000001,-33.12,9.93M
69,2018-01-17,14.1,15.66,9.4,6.26,8.5,9.97M
70,2018-01-18,14.14,15.9,13.1,2.8000000000000007,0.25,6.70M
71,2018-01-19,14.93,15.48,13.5,1.9800000000000004,5.59,3.00M
72,2018-01-20,16.11,16.65,14.82,1.8299999999999983,7.88,2.62M
73,2018-01-21,14.13,16.26,13.05,3.210000000000001,-12.24,3.32M
74,2018-01-22,12.9,14.48,11.66,2.8200000000000003,-8.73,2.88M
75,2018-01-23,13.1,13.88,11.64,2.24,1.57,2.34M
76,2018-01-24,13.77,14.29,12.6,1.6899999999999995,5.07,1.95M
77,2018-01-25,13.19,14.15,13.01,1.1400000000000006,-4.18,1.43M
78,2018-01-26,13.17,13.6,12.01,1.5899999999999999,-0.16,1.79M
79,2018-01-27,13.4,13.55,12.85,0.7000000000000011,1.75,992.88K
80,2018-01-28,13.77,14.01,13.3,0.7099999999999991,2.79,1.38M
81,2018-01-29,12.81,13.87,12.74,1.129999999999999,-6.96,857.95K
82,2018-01-30,11.47,12.84,11.11,1.7300000000000004,-10.46,1.32M
83,2018-01-31,11.31,11.5,10.55,0.9499999999999993,-1.41,947.12K
84,2018-02-01,9.51,11.45,8.66,2.789999999999999,-15.9,2.17M
85,2018-02-02,9.75,10.7,7.31,3.3899999999999997,2.47,4.02M
86,2018-02-03,9.75,10.32,8.58,1.7400000000000002,0.0,2.35M
87,2018-02-04,8.4,9.75,8.04,1.7100000000000009,-13.87,2.02M
88,2018-02-05,6.7,8.56,6.08,2.4800000000000004,-20.25,3.13M
89,2018-02-06,8.25,8.6,5.52,3.08,23.07,6.16M
90,2018-02-07,8.11,9.23,7.32,1.9100000000000001,-1.66,4.41M
91,2018-02-08,8.28,8.38,8.04,0.34000000000000163,2.11,4.41M
92,2018-02-09,8.28,8.28,8.28,0.0,0.0,-
93,2018-02-10,9.24,10.35,8.77,1.58,11.6,3.35M
94,2018-02-11,8.67,9.39,8.03,1.3600000000000012,-6.17,3.02M
95,2018-02-12,9.34,9.43,8.67,0.7599999999999998,7.73,1.91M
96,2018-02-13,8.99,9.35,8.74,0.6099999999999994,-3.7,1.37M
97,2018-02-14,10.36,10.65,8.96,1.6899999999999995,15.18,2.57M
98,2018-02-15,10.87,11.29,10.05,1.2399999999999984,4.89,4.24M
99,2018-02-16,11.2,11.2,10.3,0.8999999999999986,3.07,1.96M
100,2018-02-17,11.66,11.85,10.9,0.9499999999999993,4.14,2.29M
101,2018-02-18,10.64,11.68,10.58,1.0999999999999996,-8.75,2.18M
102,2018-02-19,11.06,11.19,10.54,0.6500000000000004,3.92,1.34M
103,2018-02-20,9.89,11.2,9.7,1.5,-10.58,2.36M
104,2018-02-21,9.37,10.2,9.05,1.1499999999999986,-5.26,2.28M
105,2018-02-22,8.86,9.8,8.63,1.17,-5.44,1.79M
106,2018-02-23,9.7,9.73,8.62,1.1100000000000012,9.48,1.62M
107,2018-02-24,9.09,9.84,8.7,1.1400000000000006,-6.32,1.36M
108,2018-02-25,9.34,9.47,8.9,0.5700000000000003,2.78,885.07K
109,2018-02-26,9.92,10.1,9.09,1.0099999999999998,6.21,1.27M
110,2018-02-27,10.56,11.11,9.79,1.3200000000000003,6.5,2.38M
111,2018-02-28,10.46,11.17,10.35,0.8200000000000003,-1.02,1.61M
112,2018-03-01,10.5,10.68,10.33,0.34999999999999964,0.38,1.23M
113,2018-03-02,10.23,10.56,10.11,0.45000000000000107,-2.52,710.33K
114,2018-03-03,10.24,10.46,10.12,0.34000000000000163,0.07,635.35K
115,2018-03-04,10.39,10.4,9.86,0.5400000000000009,1.51,592.20K
116,2018-03-05,10.09,10.45,10.09,0.35999999999999943,-2.91,470.75K
117,2018-03-06,9.39,10.13,9.11,1.0200000000000014,-6.98,940.57K
118,2018-03-07,9.01,10.21,8.13,2.08,-4.01,2.93M
119,2018-03-08,8.26,9.14,8.02,1.120000000000001,-8.39,1.88M
120,2018-03-09,8.33,8.33,7.07,1.2599999999999998,0.85,1.95M
121,2018-03-10,7.65,8.34,7.57,0.7699999999999996,-8.12,2.21M
122,2018-03-11,8.27,8.42,7.33,1.0899999999999999,8.06,2.66M
123,2018-03-12,8.03,8.5,7.68,0.8200000000000003,-2.88,2.53M
124,2018-03-13,10.15,10.97,7.83,3.1400000000000006,26.46,7.22M
125,2018-03-14,8.91,10.67,8.5,2.17,-12.2,5.16M
126,2018-03-15,9.12,9.42,8.31,1.1099999999999994,2.31,4.27M
127,2018-03-16,9.08,9.38,8.56,0.8200000000000003,-0.44,4.04M
128,2018-03-17,8.94,9.47,8.64,0.8300000000000001,-1.54,3.96M
129,2018-03-18,8.94,8.98,7.8,1.1800000000000006,0.0,3.95M
130,2018-03-19,9.01,9.3,8.45,0.8500000000000014,0.75,3.91M
131,2018-03-20,9.18,9.26,8.6,0.6600000000000001,1.93,3.93M
132,2018-03-21,9.94,10.33,9.06,1.2699999999999996,8.28,4.96M
133,2018-03-22,10.07,10.93,9.49,1.4399999999999995,1.32,4.70M
134,2018-03-23,11.79,11.97,9.5,2.4700000000000006,17.04,5.52M
135,2018-03-24,13.17,14.93,11.54,3.3900000000000006,11.75,8.44M
136,2018-03-25,12.97,14.25,12.49,1.7599999999999998,-1.54,6.18M
137,2018-03-26,11.97,13.01,10.82,2.1899999999999995,-7.7,5.49M
138,2018-03-27,11.5,12.22,10.83,1.3900000000000006,-3.98,4.08M
139,2018-03-28,11.67,12.23,11.32,0.9100000000000001,1.48,3.22M
140,2018-03-29,10.19,11.75,10.12,1.6300000000000008,-12.69,3.60M
141,2018-03-30,10.37,10.85,9.71,1.1399999999999988,1.86,3.79M
142,2018-03-31,11.04,11.47,10.25,1.2200000000000006,6.46,4.18M
143,2018-04-01,11.1,11.31,10.32,0.9900000000000002,0.5,4.10M
144,2018-04-02,12.6,12.66,10.98,1.6799999999999997,13.51,4.51M
145,2018-04-03,13.31,13.96,12.22,1.7400000000000002,5.6,5.15M
146,2018-04-04,12.21,13.45,12.0,1.4499999999999993,-8.23,5.11M
147,2018-04-05,12.49,12.64,12.1,0.5400000000000009,2.28,4.29M
148,2018-04-06,12.26,12.65,12.01,0.6400000000000006,-1.84,3.15M
149,2018-04-07,12.5,12.65,12.22,0.4299999999999997,1.97,3.26M
150,2018-04-08,12.12,12.52,12.11,0.41000000000000014,-3.0,3.09M
151,2018-04-09,11.88,12.55,11.52,1.0300000000000011,-1.99,3.01M
152,2018-04-10,12.08,12.43,11.81,0.6199999999999992,1.69,3.45M
153,2018-04-11,12.3,12.3,11.77,0.5300000000000011,1.79,3.39M
154,2018-04-12,12.97,13.02,11.85,1.17,5.46,4.90M
155,2018-04-13,13.49,13.8,12.72,1.08,4.03,5.34M
156,2018-04-14,13.27,13.88,12.93,0.9500000000000011,-1.69,3.52M
157,2018-04-15,13.1,13.62,12.9,0.7199999999999989,-1.25,3.85M
158,2018-04-16,12.23,13.1,12.01,1.0899999999999999,-6.63,2.71M
159,2018-04-17,11.74,12.48,11.67,0.8100000000000005,-3.96,2.44M
160,2018-04-18,12.3,12.44,11.51,0.9299999999999997,4.68,2.74M
161,2018-04-19,12.35,12.43,12.05,0.379999999999999,0.45,2.40M
162,2018-04-20,12.57,12.72,11.89,0.8300000000000001,1.81,2.74M
163,2018-04-21,13.35,13.74,12.39,1.3499999999999996,6.15,4.56M
164,2018-04-22,12.87,13.4,12.8,0.5999999999999996,-3.55,2.56M
165,2018-04-23,13.64,13.86,12.82,1.0399999999999991,5.98,4.45M
166,2018-04-24,15.12,15.67,13.62,2.0500000000000007,10.84,4.77M
167,2018-04-25,13.36,15.9,12.95,2.950000000000001,-11.63,5.20M
168,2018-04-26,14.63,14.74,13.2,1.540000000000001,9.49,4.22M
169,2018-04-27,14.29,14.78,14.13,0.6499999999999986,-2.3,2.89M
170,2018-04-28,15.2,15.36,14.18,1.1799999999999997,6.31,3.78M
171,2018-04-29,15.07,15.43,14.53,0.9000000000000004,-0.8,2.83M
172,2018-04-30,14.32,15.15,14.05,1.0999999999999996,-5.02,2.06M
173,2018-05-01,14.16,14.33,13.5,0.8300000000000001,-1.13,1.99M
174,2018-05-02,14.43,14.44,13.9,0.5399999999999991,1.89,2.10M
175,2018-05-03,14.64,14.84,14.19,0.6500000000000004,1.49,2.50M
176,2018-05-04,14.35,14.73,14.25,0.4800000000000004,-1.98,1.88M
177,2018-05-05,14.43,14.57,14.21,0.35999999999999943,0.58,1.88M
178,2018-05-06,14.01,14.94,13.64,1.299999999999999,-2.92,2.10M
179,2018-05-07,13.78,14.05,12.93,1.120000000000001,-1.66,1.53M
180,2018-05-08,13.5,13.82,13.1,0.7200000000000006,-2.04,1.44M
181,2018-05-09,14.65,14.8,13.03,1.7700000000000014,8.5,2.60M
182,2018-05-10,13.78,15.04,13.75,1.2899999999999991,-5.94,1.66M
183,2018-05-11,12.94,14.13,12.53,1.6000000000000014,-6.06,1.57M
184,2018-05-12,12.93,13.18,12.15,1.0299999999999994,-0.05,1.28M
185,2018-05-13,13.15,13.57,12.65,0.9199999999999999,1.65,1.88M
186,2018-05-14,12.82,13.2,12.29,0.9100000000000001,-2.46,1.55M
187,2018-05-15,12.51,13.33,12.47,0.8599999999999994,-2.41,1.29M
188,2018-05-16,12.29,12.57,11.88,0.6899999999999995,-1.79,1.07M
189,2018-05-17,12.37,12.95,12.22,0.7299999999999986,0.61,1.71M
190,2018-05-18,15.11,16.23,12.01,4.220000000000001,22.18,5.63M
191,2018-05-19,14.33,15.65,13.95,1.700000000000001,-5.16,3.39M
192,2018-05-20,14.17,14.39,13.69,0.7000000000000011,-1.13,2.41M
193,2018-05-21,14.67,14.8,14.08,0.7200000000000006,3.57,2.55M
194,2018-05-22,13.88,14.84,13.71,1.129999999999999,-5.4,2.36M
195,2018-05-23,12.47,13.93,12.24,1.6899999999999995,-10.18,2.22M
196,2018-05-24,13.02,13.19,12.1,1.0899999999999999,4.47,1.57M
197,2018-05-25,12.99,13.38,12.58,0.8000000000000007,-0.3,1.32M
198,2018-05-26,12.73,13.26,12.69,0.5700000000000003,-1.97,1.21M
199,2018-05-27,12.6,12.8,12.29,0.5100000000000016,-0.99,1.07M
200,2018-05-28,11.89,12.75,11.63,1.1199999999999992,-5.65,938.95K
201,2018-05-29,12.61,12.69,11.69,1.0,6.01,1.47M
202,2018-05-30,12.62,12.79,12.18,0.6099999999999994,0.08,1.30M
203,2018-05-31,14.22,14.25,12.4,1.8499999999999996,12.66,2.73M
204,2018-06-01,14.25,14.45,13.76,0.6899999999999995,0.25,2.32M
205,2018-06-02,14.68,14.88,14.0,0.8800000000000008,3.01,2.36M
206,2018-06-03,14.68,15.03,14.3,0.7299999999999986,0.0,2.24M
207,2018-06-04,14.26,14.73,13.62,1.1100000000000012,-2.85,1.58M
208,2018-06-05,15.6,15.7,14.15,1.549999999999999,9.35,2.61M
209,2018-06-06,17.27,17.4,15.32,2.0799999999999983,10.73,3.87M
210,2018-06-07,16.25,17.44,16.15,1.2900000000000027,-5.88,3.25M
211,2018-06-08,16.23,16.65,15.75,0.8999999999999986,-0.15,2.53M
212,2018-06-09,16.03,16.9,15.89,1.009999999999998,-1.23,2.34M
213,2018-06-10,14.15,16.02,13.4,2.619999999999999,-11.7,2.58M
214,2018-06-11,15.47,15.48,13.71,1.7699999999999996,9.29,2.47M
215,2018-06-12,15.26,16.15,14.92,1.2299999999999986,-1.35,3.48M
216,2018-06-13,14.58,15.8,13.71,2.09,-4.46,3.15M
217,2018-06-14,14.81,15.2,14.06,1.1399999999999988,1.6,2.69M
218,2018-06-15,14.99,15.63,14.63,1.0,1.19,2.57M
219,2018-06-16,15.76,15.96,14.85,1.1100000000000012,5.14,2.45M
220,2018-06-17,16.52,17.19,15.71,1.4800000000000004,4.85,3.24M
221,2018-06-18,16.84,17.17,16.16,1.0100000000000016,1.89,2.85M
222,2018-06-19,16.74,16.94,16.13,0.8100000000000023,-0.57,2.12M
223,2018-06-20,16.06,16.85,15.61,1.240000000000002,-4.07,1.95M
224,2018-06-21,17.07,17.38,15.88,1.4999999999999982,6.32,3.56M
225,2018-06-22,15.56,17.25,15.18,2.0700000000000003,-8.85,3.36M
226,2018-06-23,15.58,16.03,15.32,0.7100000000000009,0.09,2.10M
227,2018-06-24,14.39,15.72,13.36,2.360000000000001,-7.58,3.87M
228,2018-06-25,14.9,15.15,13.76,1.3900000000000006,3.5,2.27M
229,2018-06-26,14.06,15.01,13.84,1.17,-5.64,1.40M
230,2018-06-27,14.08,14.31,13.85,0.46000000000000085,0.16,1.53M
231,2018-06-28,14.13,14.9,13.81,1.0899999999999999,0.38,2.39M
232,2018-06-29,14.5,14.69,13.75,0.9399999999999995,2.62,1.80M
233,2018-06-30,14.74,15.15,14.3,0.8499999999999996,1.59,2.16M
234,2018-07-01,14.37,14.74,14.1,0.6400000000000006,-2.5,1.21M
235,2018-07-02,14.6,14.75,14.02,0.7300000000000004,1.62,1.90M
236,2018-07-03,14.15,14.81,14.02,0.7900000000000009,-3.1,1.78M
237,2018-07-04,14.02,14.25,13.85,0.40000000000000036,-0.93,1.08M
238,2018-07-05,13.76,14.09,13.43,0.6600000000000001,-1.82,1.17M
239,2018-07-06,13.43,13.81,13.15,0.6600000000000001,-2.4,960.65K
240,2018-07-07,14.13,14.28,13.31,0.9699999999999989,5.23,2.50M
241,2018-07-08,13.98,14.18,13.86,0.3200000000000003,-1.06,1.79M
242,2018-07-09,13.47,14.04,13.47,0.5699999999999985,-3.67,1.07M
243,2018-07-10,12.77,13.55,12.64,0.9100000000000001,-5.18,1.27M
244,2018-07-11,12.68,12.82,12.17,0.6500000000000004,-0.75,1.67M
245,2018-07-12,12.12,12.77,11.81,0.9599999999999991,-4.4,1.06M
246,2018-07-13,12.19,12.42,11.98,0.4399999999999995,0.55,1.10M
247,2018-07-14,12.09,12.28,11.93,0.34999999999999964,-0.82,705.87K
248,2018-07-15,12.3,12.4,11.97,0.4299999999999997,1.76,974.98K
249,2018-07-16,13.38,13.42,12.18,1.2400000000000002,8.8,1.69M
250,2018-07-17,13.72,13.9,12.83,1.0700000000000003,2.56,2.44M
251,2018-07-18,12.87,13.88,12.67,1.2100000000000009,-6.23,2.50M
252,2018-07-19,12.96,13.38,12.73,0.6500000000000004,0.71,1.66M
253,2018-07-20,12.08,13.0,11.82,1.1799999999999997,-6.8,1.50M
254,2018-07-21,12.18,12.49,11.85,0.6400000000000006,0.89,962.91K
255,2018-07-22,12.14,12.33,11.95,0.3800000000000008,-0.33,720.19K
256,2018-07-23,12.03,12.39,11.9,0.4900000000000002,-0.9,846.36K
257,2018-07-24,12.16,12.29,11.64,0.6499999999999986,1.03,1.47M
258,2018-07-25,13.0,13.51,12.12,1.3900000000000006,6.91,2.39M
259,2018-07-26,13.34,13.62,12.93,0.6899999999999995,2.62,2.05M
260,2018-07-27,13.99,14.08,13.04,1.040000000000001,4.88,1.87M
261,2018-07-28,14.66,14.88,13.72,1.1600000000000001,4.75,2.19M
262,2018-07-29,13.95,14.75,13.67,1.08,-4.79,1.63M
263,2018-07-30,13.22,13.97,13.01,0.9600000000000009,-5.27,1.21M
264,2018-07-31,13.8,14.08,13.0,1.08,4.41,1.91M
265,2018-08-01,13.65,14.09,13.21,0.879999999999999,-1.11,1.44M
266,2018-08-02,14.16,14.2,13.36,0.8399999999999999,3.75,1.22M
267,2018-08-03,14.13,14.16,13.55,0.6099999999999994,-0.25,1.72M
268,2018-08-04,13.85,14.47,13.56,0.9100000000000001,-1.95,1.67M
269,2018-08-05,13.64,13.9,13.24,0.6600000000000001,-1.55,1.18M
270,2018-08-06,13.69,13.96,13.47,0.4900000000000002,0.4,1.40M
271,2018-08-07,13.15,13.85,13.08,0.7699999999999996,-3.95,1.14M
272,2018-08-08,12.15,13.15,11.96,1.1899999999999995,-7.6,1.48M
273,2018-08-09,12.79,12.86,12.04,0.8200000000000003,5.27,1.40M
274,2018-08-10,12.15,12.77,11.71,1.0599999999999987,-5.0,1.32M
275,2018-08-11,11.67,12.15,11.31,0.8399999999999999,-3.95,951.81K
276,2018-08-12,11.77,11.84,11.36,0.4800000000000004,0.83,827.24K
277,2018-08-13,10.26,11.86,10.11,1.75,-12.83,1.26M
278,2018-08-14,9.43,10.28,8.54,1.7400000000000002,-8.07,1.78M
279,2018-08-15,9.54,10.63,9.34,1.290000000000001,1.15,2.06M
280,2018-08-16,9.78,9.99,9.35,0.6400000000000006,2.52,1.01M
281,2018-08-17,10.88,10.88,9.71,1.17,11.25,1.34M
282,2018-08-18,9.88,10.97,9.45,1.5200000000000014,-9.19,1.13M
283,2018-08-19,10.14,10.3,9.66,0.6400000000000006,2.64,899.11K
284,2018-08-20,9.64,10.21,9.56,0.6500000000000004,-4.92,675.69K
285,2018-08-21,9.74,9.84,9.36,0.4800000000000004,1.0,467.53K
286,2018-08-22,9.52,10.24,9.19,1.0500000000000007,-2.27,930.43K
287,2018-08-23,9.76,9.76,9.36,0.40000000000000036,2.57,656.28K
288,2018-08-24,10.2,10.22,9.55,0.6699999999999999,4.55,780.04K
289,2018-08-25,10.1,10.28,9.94,0.33999999999999986,-1.03,680.30K
290,2018-08-26,10.22,10.25,9.73,0.5199999999999996,1.2,744.03K
291,2018-08-27,11.17,11.31,10.1,1.2100000000000009,9.28,1.52M
292,2018-08-28,11.49,11.53,10.77,0.7599999999999998,2.88,1.55M
293,2018-08-29,11.17,11.49,10.71,0.7799999999999994,-2.83,1.15M
294,2018-08-30,10.77,11.19,10.35,0.8399999999999999,-3.51,754.61K
295,2018-08-31,10.98,10.99,10.56,0.4299999999999997,1.9,823.12K
296,2018-09-01,11.48,11.57,10.97,0.5999999999999996,4.56,1.05M
297,2018-09-02,11.33,11.5,11.08,0.41999999999999993,-1.27,705.60K
298,2018-09-03,11.31,11.46,11.1,0.3600000000000012,-0.2,640.54K
299,2018-09-04,11.44,11.45,11.22,0.22999999999999865,1.14,632.54K
300,2018-09-05,9.97,11.57,9.92,1.6500000000000004,-12.89,1.18M
301,2018-09-06,10.29,10.33,9.54,0.7900000000000009,3.22,861.36K
302,2018-09-07,9.94,10.3,9.65,0.6500000000000004,-3.36,545.66K
303,2018-09-08,9.52,10.14,9.28,0.8600000000000012,-4.2,590.91K
304,2018-09-09,9.51,9.76,9.15,0.6099999999999994,-0.18,575.56K
305,2018-09-10,9.52,9.74,9.29,0.45000000000000107,0.11,411.19K
306,2018-09-11,9.36,9.6,9.11,0.4900000000000002,-1.59,775.04K
307,2018-09-12,9.21,9.48,9.01,0.47000000000000064,-1.67,719.29K
308,2018-09-13,9.56,9.71,9.2,0.5100000000000016,3.84,1.02M
309,2018-09-14,9.89,10.09,9.5,0.5899999999999999,3.47,1.07M
310,2018-09-15,10.06,10.22,9.88,0.33999999999999986,1.7,1.11M
311,2018-09-16,9.94,10.13,9.7,0.4300000000000015,-1.21,796.12K
312,2018-09-17,9.36,10.03,9.26,0.7699999999999996,-5.82,862.34K
313,2018-09-18,9.52,9.65,9.22,0.4299999999999997,1.66,892.23K
314,2018-09-19,9.61,9.79,9.23,0.5599999999999987,1.0,981.11K
315,2018-09-20,10.01,10.08,9.58,0.5,4.19,1.12M
316,2018-09-21,10.46,10.48,9.95,0.5300000000000011,4.47,1.44M
317,2018-09-22,10.25,10.6,10.02,0.5800000000000001,-2.0,855.61K
318,2018-09-23,10.29,10.43,10.12,0.3100000000000005,0.37,863.61K
319,2018-09-24,10.04,10.36,9.91,0.4499999999999993,-2.41,716.92K
320,2018-09-25,9.82,10.04,9.37,0.6699999999999999,-2.21,669.50K
321,2018-09-26,9.71,9.94,9.55,0.3899999999999988,-1.16,665.88K
322,2018-09-27,10.06,10.1,9.64,0.4599999999999991,3.65,1.10M
323,2018-09-28,9.96,10.28,9.81,0.46999999999999886,-1.02,1.02M
324,2018-09-29,10.0,10.07,9.73,0.33999999999999986,0.4,1.03M
325,2018-09-30,10.02,10.06,9.82,0.2400000000000002,0.22,1.01M
326,2018-10-01,9.97,10.08,9.85,0.23000000000000043,-0.51,949.17K
327,2018-10-02,10.31,10.68,9.86,0.8200000000000003,3.4,1.65M
328,2018-10-03,10.28,10.49,10.02,0.47000000000000064,-0.27,1.52M
329,2018-10-04,10.26,10.44,10.21,0.22999999999999865,-0.22,1.40M
330,2018-10-05,10.68,10.77,10.23,0.5399999999999991,4.06,1.63M
331,2018-10-06,10.41,10.75,10.33,0.41999999999999993,-2.51,1.22M
332,2018-10-07,10.59,10.6,10.27,0.33000000000000007,1.7,1.29M
333,2018-10-08,10.57,10.69,10.5,0.1899999999999995,-0.14,1.24M
334,2018-10-09,10.42,10.63,10.28,0.3500000000000014,-1.4,1.06M
335,2018-10-10,10.4,10.44,10.25,0.1899999999999995,-0.25,1.03M
336,2018-10-11,9.35,10.4,9.23,1.17,-10.06,1.02M
337,2018-10-12,9.59,9.75,9.25,0.5,2.51,1.04M
338,2018-10-13,9.68,9.73,9.54,0.19000000000000128,1.0,1.06M
339,2018-10-14,9.59,9.78,9.53,0.25,-0.95,963.46K
340,2018-10-15,10.56,10.98,9.52,1.4600000000000009,10.16,2.34M
341,2018-10-16,10.27,10.56,10.11,0.45000000000000107,-2.78,1.28M
342,2018-10-17,10.23,10.35,10.1,0.25,-0.35,1.40M
343,2018-10-18,9.92,10.27,9.81,0.4599999999999991,-3.05,1.26M
344,2018-10-19,9.9,9.98,9.83,0.15000000000000036,-0.22,1.11M
345,2018-10-20,9.92,10.0,9.82,0.17999999999999972,0.22,1.16M
346,2018-10-21,9.92,10.02,9.87,0.15000000000000036,0.0,1.20M
347,2018-10-22,9.88,9.98,9.81,0.16999999999999993,-0.41,1.04M
348,2018-10-23,9.92,10.04,9.82,0.21999999999999886,0.41,1.22M
349,2018-10-24,9.87,9.99,9.86,0.13000000000000078,-0.54,1.04M
350,2018-10-25,9.8,9.93,9.75,0.17999999999999972,-0.68,1.01M
351,2018-10-26,9.83,9.91,9.75,0.16000000000000014,0.3,1.02M
352,2018-10-27,9.73,9.83,9.7,0.13000000000000078,-1.06,851.50K
353,2018-10-28,9.7,9.76,9.64,0.11999999999999922,-0.26,841.91K
354,2018-10-29,9.44,9.73,9.38,0.34999999999999964,-2.63,786.96K
355,2018-10-30,9.43,9.54,9.4,0.1399999999999988,-0.13,718.68K
356,2018-10-31,9.49,9.55,9.29,0.26000000000000156,0.63,709.70K
357,2018-11-01,9.62,9.65,9.44,0.21000000000000085,1.36,792.43K
358,2018-11-02,9.65,9.72,9.55,0.16999999999999993,0.3,849.51K
359,2018-11-03,9.58,9.71,9.49,0.22000000000000064,-0.71,814.17K
360,2018-11-04,9.82,9.9,9.5,0.40000000000000036,2.49,934.58K
361,2018-11-05,9.73,9.83,9.66,0.16999999999999993,-0.87,836.65K
362,2018-11-06,9.86,9.88,9.67,0.21000000000000085,1.35,884.71K
363,2018-11-07,9.89,9.98,9.81,0.16999999999999993,0.25,867.19K
364,2018-11-08,9.69,9.92,9.66,0.2599999999999998,-2.04,797.78K
365,2018-11-09,9.62,9.75,9.53,0.22000000000000064,-0.75,737.30K
366,2018-11-10,9.59,9.68,9.57,0.10999999999999943,-0.27,782.36K
367,2018-11-11,9.55,9.62,9.37,0.25,-0.42,753.97K
368,2018-11-12,9.48,9.59,9.33,0.2599999999999998,-0.75,724.75K
369,2018-11-13,9.39,9.59,9.36,0.23000000000000043,-0.89,658.79K
370,2018-11-14,8.68,9.42,8.34,1.08,-7.57,671.74K
371,2018-11-15,8.38,8.73,7.8,0.9300000000000006,-3.53,821.92K
372,2018-11-16,8.01,8.38,7.86,0.5200000000000005,-4.37,902.84K
373,2018-11-17,7.85,8.02,7.69,0.3299999999999992,-2.0,752.86K
374,2018-11-18,8.08,8.14,7.83,0.3100000000000005,2.97,605.11K
375,2018-11-19,6.7,8.09,6.67,1.42,-17.05,1.05M
376,2018-11-20,5.94,6.9,5.66,1.2400000000000002,-11.38,1.63M
377,2018-11-21,6.29,6.32,5.65,0.6699999999999999,5.86,842.73K
378,2018-11-22,5.75,6.37,5.75,0.6200000000000001,-8.57,627.77K
379,2018-11-23,5.65,5.84,5.48,0.35999999999999943,-1.7,600.26K
380,2018-11-24,5.2,5.8,4.79,1.0099999999999998,-7.99,919.71K
381,2018-11-25,5.28,5.37,4.54,0.8300000000000001,1.55,1.00M
382,2018-11-26,5.04,5.4,4.76,0.6400000000000006,-4.55,852.94K
383,2018-11-27,4.99,5.04,4.71,0.33000000000000007,-1.05,702.11K
384,2018-11-28,5.35,5.46,4.99,0.46999999999999975,7.22,1.14M
385,2018-11-29,5.38,5.63,5.14,0.4900000000000002,0.57,1.02M
386,2018-11-30,5.12,5.45,4.95,0.5,-4.8,708.62K
387,2018-12-01,5.28,5.39,5.01,0.3799999999999999,3.17,924.16K
388,2018-12-02,5.28,5.43,5.2,0.22999999999999954,-0.14,852.86K
389,2018-12-03,5.13,5.29,5.01,0.28000000000000025,-2.78,674.85K
390,2018-12-04,5.89,6.35,5.1,1.25,14.89,2.24M
391,2018-12-05,6.06,6.62,5.73,0.8899999999999997,2.83,4.21M
392,2018-12-06,4.9,6.1,4.9,1.1999999999999993,-19.08,3.03M
393,2018-12-07,4.52,4.98,4.13,0.8500000000000005,-7.9,2.25M
394,2018-12-08,4.63,4.8,4.3,0.5,2.45,1.26M
395,2018-12-09,4.77,5.0,4.52,0.4800000000000004,3.01,1.51M
396,2018-12-10,4.63,4.94,4.49,0.4500000000000002,-2.9,928.56K
397,2018-12-11,4.75,4.87,4.5,0.3700000000000001,2.67,1.18M
398,2018-12-12,4.98,5.14,4.74,0.39999999999999947,4.72,1.20M
399,2018-12-13,4.64,4.99,4.56,0.4300000000000006,-6.77,1.00M
400,2018-12-14,4.52,4.75,4.43,0.3200000000000003,-2.58,946.23K
401,2018-12-15,4.55,4.6,4.45,0.14999999999999947,0.65,969.29K
402,2018-12-16,4.62,4.7,4.51,0.1900000000000004,1.5,1.07M
403,2018-12-17,5.05,5.12,4.6,0.5200000000000005,9.33,1.51M
404,2018-12-18,5.54,5.54,4.91,0.6299999999999999,9.7,1.91M
405,2018-12-19,5.36,5.83,5.29,0.54,-3.2,1.80M
406,2018-12-20,5.66,5.79,5.24,0.5499999999999998,5.65,2.16M
407,2018-12-21,5.47,5.78,5.32,0.45999999999999996,-3.38,1.59M
408,2018-12-22,5.83,5.88,5.39,0.4900000000000002,6.66,1.77M
409,2018-12-23,5.96,6.13,5.77,0.3600000000000003,2.13,1.88M
410,2018-12-24,6.1,6.47,5.93,0.54,2.37,2.06M
411,2018-12-25,5.44,6.1,5.32,0.7799999999999994,-10.78,1.44M
412,2018-12-26,5.6,5.68,5.38,0.2999999999999998,2.89,1.35M
413,2018-12-27,5.17,5.65,5.1,0.5500000000000007,-7.69,1.15M
414,2018-12-28,5.88,5.89,5.11,0.7799999999999994,13.7,1.50M
415,2018-12-29,5.65,5.99,5.61,0.3799999999999999,-3.87,1.23M
416,2018-12-30,5.89,5.9,5.56,0.34000000000000075,4.34,1.40M
417,2018-12-31,6.11,6.24,5.84,0.40000000000000036,3.56,2.38M
418,2019-01-01,5.99,6.12,5.78,0.33999999999999986,-1.82,1.42M
419,2019-01-02,6.05,6.09,5.85,0.2400000000000002,0.89,2.13M
420,2019-01-03,5.79,6.06,5.78,0.27999999999999936,-4.19,1.53M
421,2019-01-04,5.96,5.99,5.75,0.2400000000000002,2.86,1.66M
422,2019-01-05,5.97,6.1,5.93,0.16999999999999993,0.11,1.63M
423,2019-01-06,6.26,6.37,5.93,0.4400000000000004,4.95,2.51M
424,2019-01-07,6.2,6.31,6.1,0.20999999999999996,-0.98,1.68M
425,2019-01-08,6.52,6.8,6.14,0.6600000000000001,5.08,3.95M
426,2019-01-09,6.56,6.85,6.35,0.5,0.61,4.17M
427,2019-01-10,5.8,6.57,5.66,0.9100000000000001,-11.47,3.35M
428,2019-01-11,5.96,6.12,5.69,0.4299999999999997,2.68,2.56M
429,2019-01-12,5.86,5.96,5.8,0.16000000000000014,-1.63,1.75M
430,2019-01-13,5.47,5.89,5.38,0.5099999999999998,-6.71,1.42M
431,2019-01-14,6.06,6.06,5.46,0.5999999999999996,10.78,2.33M
432,2019-01-15,5.81,6.06,5.68,0.3799999999999999,-4.11,1.37M
433,2019-01-16,6.09,6.18,5.78,0.39999999999999947,4.85,2.16M
434,2019-01-17,6.32,6.32,5.96,0.3600000000000003,3.77,2.31M
435,2019-01-18,6.48,6.58,6.22,0.3600000000000003,2.51,2.50M
436,2019-01-19,6.53,6.64,6.24,0.39999999999999947,0.79,2.27M
437,2019-01-20,6.4,6.63,6.24,0.3899999999999997,-2.06,1.78M
438,2019-01-21,6.47,6.51,6.29,0.21999999999999975,1.19,1.85M
439,2019-01-22,6.48,6.5,6.26,0.2400000000000002,0.09,1.86M
440,2019-01-23,6.49,6.52,6.35,0.16999999999999993,0.24,1.93M
441,2019-01-24,6.46,6.49,6.39,0.10000000000000053,-0.58,1.51M
442,2019-01-25,6.68,6.75,6.44,0.3099999999999996,3.46,2.58M
443,2019-01-26,6.95,6.98,6.62,0.3600000000000003,3.99,2.74M
444,2019-01-27,7.04,7.2,6.79,0.41000000000000014,1.32,2.78M
445,2019-01-28,6.15,7.14,5.97,1.17,-12.58,4.95M
446,2019-01-29,6.14,6.26,5.99,0.2699999999999996,-0.2,2.96M
447,2019-01-30,6.13,6.2,6.0,0.20000000000000018,-0.09,2.24M
448,2019-01-31,6.22,6.26,5.96,0.2999999999999998,1.39,2.27M
449,2019-02-01,6.52,6.64,6.12,0.5199999999999996,4.87,2.94M
450,2019-02-02,6.87,6.9,6.49,0.41000000000000014,5.31,3.25M
451,2019-02-03,6.79,6.9,6.62,0.28000000000000025,-1.18,3.09M
452,2019-02-04,7.11,7.18,6.69,0.4899999999999993,4.69,3.31M
453,2019-02-05,7.86,7.96,6.96,1.0,10.54,4.15M
454,2019-02-06,8.13,8.48,7.34,1.1400000000000006,3.48,5.82M
455,2019-02-07,7.81,8.47,7.68,0.7900000000000009,-3.88,4.35M
456,2019-02-08,8.59,8.8,7.61,1.1900000000000004,9.92,4.96M
457,2019-02-09,8.9,8.92,8.44,0.4800000000000004,3.58,5.44M
458,2019-02-10,9.16,9.29,8.83,0.4599999999999991,2.96,5.75M
459,2019-02-11,9.53,9.78,9.04,0.7400000000000002,4.02,6.04M
460,2019-02-12,9.28,9.75,8.94,0.8100000000000005,-2.63,4.94M
461,2019-02-13,8.92,9.28,8.71,0.5699999999999985,-3.85,4.00M
462,2019-02-14,8.75,9.04,8.41,0.629999999999999,-1.92,2.80M
463,2019-02-15,9.25,9.49,8.73,0.7599999999999998,5.73,3.32M
464,2019-02-16,9.1,9.32,9.06,0.2599999999999998,-1.63,2.50M
465,2019-02-17,9.22,9.22,8.91,0.3100000000000005,1.33,2.46M
466,2019-02-18,9.61,9.7,9.18,0.5199999999999996,4.2,2.81M
467,2019-02-19,10.47,11.11,9.5,1.6099999999999994,8.95,4.90M
468,2019-02-20,10.94,11.27,10.4,0.8699999999999992,4.5,4.34M
469,2019-02-21,10.47,10.94,10.14,0.7999999999999989,-4.24,3.08M
470,2019-02-22,10.76,10.96,10.39,0.5700000000000003,2.71,3.04M
471,2019-02-23,10.73,10.85,10.4,0.4499999999999993,-0.3,2.88M
472,2019-02-24,9.93,11.08,9.4,1.6799999999999997,-7.43,4.80M
473,2019-02-25,9.69,10.23,9.35,0.8800000000000008,-2.38,5.35M
474,2019-02-26,9.43,9.75,9.36,0.39000000000000057,-2.72,3.12M
475,2019-02-27,9.85,10.0,9.35,0.6500000000000004,4.5,3.53M
476,2019-02-28,10.27,10.49,9.8,0.6899999999999995,4.26,3.69M
477,2019-03-01,11.35,11.55,10.24,1.3100000000000005,10.45,4.02M
478,2019-03-02,11.75,11.8,10.83,0.9700000000000006,3.56,3.89M
479,2019-03-03,11.45,11.86,11.2,0.6600000000000001,-2.58,2.86M
480,2019-03-04,11.41,11.51,10.88,0.629999999999999,-0.29,2.74M
481,2019-03-05,13.65,13.74,11.4,2.34,19.61,8.34M
482,2019-03-06,14.58,14.64,12.9,1.7400000000000002,6.78,6.16M
483,2019-03-07,15.1,15.52,14.35,1.17,3.59,6.76M
484,2019-03-08,14.29,15.21,13.58,1.6300000000000008,-5.36,6.34M
485,2019-03-09,14.47,14.92,13.98,0.9399999999999995,1.23,4.00M
486,2019-03-10,14.37,14.51,13.87,0.6400000000000006,-0.66,3.53M
487,2019-03-11,14.41,14.9,14.01,0.8900000000000006,0.26,3.76M
488,2019-03-12,15.34,15.43,14.18,1.25,6.48,4.05M
489,2019-03-13,15.02,15.37,14.94,0.4299999999999997,-2.09,3.28M
490,2019-03-14,14.9,15.08,14.57,0.5099999999999998,-0.78,3.08M
491,2019-03-15,14.94,15.19,14.85,0.33999999999999986,0.22,2.99M
492,2019-03-16,15.95,16.0,14.88,1.1199999999999992,6.81,3.29M
493,2019-03-17,15.62,15.96,15.44,0.5200000000000014,-2.09,3.10M
494,2019-03-18,15.54,15.79,15.23,0.5599999999999987,-0.51,2.48M
495,2019-03-19,15.51,15.8,15.0,0.8000000000000007,-0.21,4.27M
496,2019-03-20,15.13,15.51,15.02,0.4900000000000002,-2.42,2.37M
497,2019-03-21,14.35,15.3,13.9,1.4000000000000004,-5.16,3.02M
498,2019-03-22,15.15,15.22,14.23,0.9900000000000002,5.6,2.69M
499,2019-03-23,15.15,15.44,14.96,0.47999999999999865,-0.04,2.63M
500,2019-03-24,17.13,17.45,14.68,2.7699999999999996,13.08,5.29M
501,2019-03-25,16.79,17.34,16.11,1.2300000000000004,-1.96,2.77M
502,2019-03-26,16.18,16.79,15.56,1.2299999999999986,-3.64,2.73M
503,2019-03-27,16.58,16.8,15.89,0.9100000000000001,2.46,3.24M
504,2019-03-28,16.65,16.72,16.41,0.3099999999999987,0.44,2.99M
505,2019-03-29,16.49,16.81,16.38,0.4299999999999997,-0.98,2.74M
506,2019-03-30,16.97,16.97,15.97,0.9999999999999982,2.89,2.79M
507,2019-03-31,17.53,17.72,16.75,0.9699999999999989,3.32,3.18M
508,2019-04-01,17.91,18.23,17.34,0.8900000000000006,2.15,2.97M
509,2019-04-02,19.72,19.88,17.56,2.3200000000000003,10.09,3.36M
510,2019-04-03,18.51,20.0,18.0,2.0,-6.11,3.53M
511,2019-04-04,19.0,19.41,18.21,1.1999999999999993,2.62,2.94M
512,2019-04-05,19.36,19.46,18.88,0.5800000000000018,1.93,2.71M
513,2019-04-06,19.06,19.36,18.84,0.5199999999999996,-1.57,2.52M
514,2019-04-07,18.96,19.21,18.82,0.39000000000000057,-0.52,2.33M
515,2019-04-08,17.98,19.03,17.8,1.2300000000000004,-5.16,2.14M
516,2019-04-09,18.3,18.54,17.05,1.4899999999999984,1.79,2.78M
517,2019-04-10,18.24,18.61,17.89,0.7199999999999989,-0.33,2.56M
518,2019-04-11,17.53,18.23,16.32,1.9100000000000001,-3.87,1.81M
519,2019-04-12,18.32,18.54,16.62,1.9199999999999982,4.51,2.33M
520,2019-04-13,18.62,18.63,17.95,0.6799999999999997,1.61,2.21M
521,2019-04-14,19.38,19.9,18.43,1.4699999999999989,4.11,2.44M
522,2019-04-15,19.27,19.78,18.69,1.0899999999999999,-0.6,2.22M
523,2019-04-16,19.64,19.71,18.71,1.0,1.95,2.24M
524,2019-04-17,19.49,19.77,19.27,0.5,-0.78,2.00M
525,2019-04-18,21.88,21.99,19.43,2.5599999999999987,12.26,3.69M
526,2019-04-19,24.32,24.7,21.17,3.5299999999999976,11.15,4.25M
527,2019-04-20,24.89,25.49,23.79,1.6999999999999993,2.33,3.54M
528,2019-04-21,24.03,24.89,22.49,2.400000000000002,-3.44,3.31M
529,2019-04-22,23.78,24.61,23.18,1.4299999999999997,-1.03,3.01M
530,2019-04-23,22.55,24.6,22.48,2.120000000000001,-5.19,2.88M
531,2019-04-24,23.01,23.11,20.97,2.1400000000000006,2.04,2.96M
532,2019-04-25,22.48,23.44,21.61,1.8300000000000018,-2.3,3.12M
533,2019-04-26,23.06,23.78,21.68,2.1000000000000014,2.57,3.27M
534,2019-04-27,22.42,23.12,22.39,0.7300000000000004,-2.76,2.99M
535,2019-04-28,23.01,23.21,22.42,0.7899999999999991,2.64,3.02M
536,2019-04-29,21.67,23.08,21.34,1.7399999999999984,-5.82,2.39M
537,2019-04-30,22.04,22.3,21.34,0.9600000000000009,1.71,2.20M
538,2019-05-01,21.88,22.1,21.48,0.620000000000001,-0.74,2.07M
539,2019-05-02,23.61,24.09,21.75,2.34,7.91,2.44M
540,2019-05-03,23.7,23.97,23.02,0.9499999999999993,0.4,2.23M
541,2019-05-04,22.9,23.79,22.31,1.4800000000000004,-3.41,1.90M
542,2019-05-05,22.98,23.17,22.66,0.5100000000000016,0.39,1.79M
543,2019-05-06,22.18,22.99,21.47,1.5199999999999996,-3.49,1.77M
544,2019-05-07,20.66,22.45,20.3,2.1499999999999986,-6.86,1.81M
545,2019-05-08,20.67,21.4,19.6,1.7999999999999972,0.03,2.74M
546,2019-05-09,18.82,20.96,18.58,2.3800000000000026,-8.92,2.33M
547,2019-05-10,19.62,19.99,18.33,1.6600000000000001,4.24,2.43M
548,2019-05-11,20.85,22.0,18.89,3.1099999999999994,6.25,3.75M
549,2019-05-12,20.96,21.49,20.13,1.3599999999999994,0.53,3.23M
550,2019-05-13,23.5,23.99,20.74,3.25,12.13,4.57M
551,2019-05-14,23.64,24.49,22.62,1.8699999999999974,0.6,3.82M
552,2019-05-15,26.82,27.4,23.46,3.9399999999999977,13.45,3.43M
553,2019-05-16,26.29,27.74,25.08,2.66,-1.98,4.20M
554,2019-05-17,25.8,26.65,23.4,3.25,-1.87,3.43M
555,2019-05-18,28.87,29.1,25.13,3.9700000000000024,11.89,4.32M
556,2019-05-19,29.17,29.84,27.62,2.219999999999999,1.05,4.44M
557,2019-05-20,29.27,29.3,27.6,1.6999999999999993,0.33,3.98M
558,2019-05-21,32.41,32.7,28.06,4.640000000000004,10.75,4.71M
559,2019-05-22,31.05,32.41,30.69,1.7199999999999953,-4.2,3.80M
560,2019-05-23,31.42,32.23,30.2,2.0299999999999976,1.2,3.79M
561,2019-05-24,34.1,34.7,31.21,3.490000000000002,8.53,4.53M
562,2019-05-25,35.12,35.47,33.65,1.8200000000000003,2.97,4.18M
563,2019-05-26,33.27,35.07,32.37,2.700000000000003,-5.27,3.85M
564,2019-05-27,33.46,35.08,32.76,2.3200000000000003,0.58,3.94M
565,2019-05-28,33.12,34.49,32.5,1.990000000000002,-1.02,3.59M
566,2019-05-29,33.62,33.87,30.93,2.9399999999999977,1.5,3.64M
567,2019-05-30,31.63,34.95,30.38,4.570000000000004,-5.9,3.80M
568,2019-05-31,32.93,32.96,30.61,2.3500000000000014,4.11,3.63M
569,2019-06-01,33.3,34.32,32.53,1.7899999999999991,1.13,3.65M
570,2019-06-02,33.16,33.75,32.69,1.0600000000000023,-0.43,3.13M
571,2019-06-03,30.87,33.16,30.51,2.649999999999995,-6.91,2.85M
572,2019-06-04,29.2,31.45,28.73,2.719999999999999,-5.41,2.88M
573,2019-06-05,30.85,31.18,29.01,2.169999999999998,5.66,3.35M
574,2019-06-06,31.15,31.99,29.75,2.2399999999999984,0.99,2.99M
575,2019-06-07,31.43,31.96,30.95,1.0100000000000016,0.88,2.76M
576,2019-06-08,31.7,32.29,31.13,1.1600000000000001,0.88,3.23M
577,2019-06-09,30.15,31.84,29.77,2.0700000000000003,-4.9,2.53M
578,2019-06-10,31.99,32.0,29.75,2.25,6.09,6.26M
579,2019-06-11,31.89,32.02,31.0,1.0200000000000031,-0.32,4.84M
580,2019-06-12,34.84,34.96,31.79,3.1700000000000017,9.28,6.40M
581,2019-06-13,35.2,36.25,34.18,2.0700000000000003,1.03,6.02M
582,2019-06-14,32.42,35.25,29.93,5.32,-7.9,7.61M
583,2019-06-15,32.71,33.91,31.73,2.179999999999996,0.89,5.37M
584,2019-06-16,32.2,33.21,31.78,1.4299999999999997,-1.56,4.30M
585,2019-06-17,33.78,34.3,32.19,2.1099999999999994,4.91,7.32M
586,2019-06-18,34.5,35.05,33.69,1.3599999999999994,2.15,8.08M
587,2019-06-19,35.12,35.63,34.33,1.3000000000000043,1.79,8.71M
588,2019-06-20,36.78,36.92,34.34,2.5799999999999983,4.73,9.54M
589,2019-06-21,38.65,38.82,36.24,2.5799999999999983,5.08,5.41M
590,2019-06-22,37.96,39.54,37.45,2.0899999999999963,-1.79,5.41M
591,2019-06-23,37.25,38.46,37.23,1.230000000000004,-1.87,4.67M
592,2019-06-24,37.43,37.8,36.05,1.75,0.5,4.41M
593,2019-06-25,36.08,37.5,35.74,1.759999999999998,-3.63,3.35M
594,2019-06-26,36.02,37.94,34.52,3.4199999999999946,-0.15,4.45M
595,2019-06-27,34.42,36.28,33.28,3.0,-4.44,3.89M
596,2019-06-28,34.61,35.27,33.86,1.4100000000000037,0.56,3.35M
597,2019-06-29,35.49,35.77,33.31,2.460000000000001,2.52,4.06M
598,2019-06-30,32.11,35.51,32.05,3.460000000000001,-9.5,3.15M
599,2019-07-01,33.27,34.01,31.44,2.5699999999999967,3.61,2.82M
600,2019-07-02,31.97,33.81,30.59,3.2200000000000024,-3.94,3.02M
601,2019-07-03,32.48,33.06,31.66,1.4000000000000021,1.61,2.93M
602,2019-07-04,33.07,34.36,32.19,2.1700000000000017,1.83,3.34M
603,2019-07-05,32.6,33.64,32.42,1.2199999999999989,-1.44,2.38M
604,2019-07-06,32.61,33.18,32.53,0.6499999999999986,0.04,1.91M
605,2019-07-07,32.97,33.37,32.47,0.8999999999999986,1.11,2.05M
606,2019-07-08,33.4,34.24,32.8,1.4400000000000048,1.3,2.35M
607,2019-07-09,32.52,33.91,32.28,1.6299999999999955,-2.64,1.92M
608,2019-07-10,31.22,32.94,30.62,2.3199999999999967,-4.01,2.41M
609,2019-07-11,29.43,31.78,28.37,3.41,-5.73,2.58M
610,2019-07-12,31.88,32.59,29.03,3.5600000000000023,8.32,4.38M
611,2019-07-13,31.46,32.5,30.25,2.25,-1.31,2.67M
612,2019-07-14,28.5,31.52,28.35,3.169999999999998,-9.43,3.18M
613,2019-07-15,28.58,28.68,26.38,2.3000000000000007,0.27,4.39M
614,2019-07-16,25.06,29.52,24.95,4.57,-12.3,5.46M
615,2019-07-17,27.61,28.09,24.18,3.91,10.16,8.15M
616,2019-07-18,28.91,29.51,26.8,2.710000000000001,4.73,9.11M
617,2019-07-19,28.99,29.92,28.33,1.5900000000000034,0.27,5.86M
618,2019-07-20,31.07,31.45,28.9,2.5500000000000007,7.19,4.34M
619,2019-07-21,30.42,31.52,29.31,2.210000000000001,-2.11,3.32M
620,2019-07-22,30.84,32.54,29.79,2.75,1.37,5.16M
621,2019-07-23,29.46,30.87,29.02,1.8500000000000014,-4.47,4.04M
622,2019-07-24,28.88,29.48,27.81,1.6700000000000017,-1.95,3.58M
623,2019-07-25,28.92,29.68,28.52,1.1600000000000001,0.13,3.35M
624,2019-07-26,28.88,29.03,28.21,0.8200000000000003,-0.15,2.97M
625,2019-07-27,27.7,29.42,27.27,2.150000000000002,-4.09,2.41M
626,2019-07-28,27.72,27.86,26.66,1.1999999999999993,0.08,2.17M
627,2019-07-29,27.03,27.99,26.86,1.129999999999999,-2.49,1.80M
628,2019-07-30,26.94,27.12,26.23,0.8900000000000006,-0.32,1.87M
629,2019-07-31,27.73,27.81,26.79,1.0199999999999996,2.92,3.05M
630,2019-08-01,28.69,28.77,27.46,1.3099999999999987,3.45,3.55M
631,2019-08-02,28.1,28.73,27.57,1.1600000000000001,-2.04,2.48M
632,2019-08-03,27.74,28.33,27.53,0.7999999999999972,-1.3,1.94M
633,2019-08-04,27.38,27.8,27.13,0.6700000000000017,-1.3,1.72M
634,2019-08-05,27.97,28.32,27.35,0.9699999999999989,2.18,1.99M
635,2019-08-06,27.65,28.31,27.35,0.9599999999999973,-1.16,2.40M
636,2019-08-07,29.65,29.97,27.34,2.629999999999999,7.24,3.91M
637,2019-08-08,31.2,31.78,29.19,2.59,5.21,5.01M
638,2019-08-09,29.82,31.48,29.66,1.8200000000000003,-4.41,2.74M
639,2019-08-10,29.6,29.97,29.08,0.8900000000000006,-0.73,3.17M
640,2019-08-11,30.26,30.38,29.48,0.8999999999999986,2.22,3.42M
641,2019-08-12,30.18,30.55,29.84,0.7100000000000009,-0.25,3.48M
642,2019-08-13,29.44,30.41,29.21,1.1999999999999993,-2.45,2.94M
643,2019-08-14,27.0,29.45,26.85,2.599999999999998,-8.31,2.90M
644,2019-08-15,28.1,28.2,27.0,1.1999999999999993,4.09,3.61M
645,2019-08-16,27.5,28.1,26.85,1.25,-2.13,2.99M
646,2019-08-17,27.45,27.9,27.07,0.8299999999999983,-0.18,2.71M
647,2019-08-18,27.91,28.16,27.11,1.0500000000000007,1.65,2.98M
648,2019-08-19,28.78,29.2,27.73,1.4699999999999989,3.11,3.38M
649,2019-08-20,27.99,28.81,27.8,1.009999999999998,-2.72,2.48M
650,2019-08-21,26.95,28.04,26.42,1.6199999999999974,-3.71,2.18M
651,2019-08-22,27.02,27.32,26.31,1.0100000000000016,0.25,2.12M
652,2019-08-23,27.03,27.32,26.87,0.4499999999999993,0.02,2.20M
653,2019-08-24,26.44,27.03,26.09,0.9400000000000013,-2.16,1.73M
654,2019-08-25,26.08,26.48,25.67,0.8099999999999987,-1.39,1.92M
655,2019-08-26,26.12,27.18,25.79,1.3900000000000006,0.16,3.31M
656,2019-08-27,25.59,26.13,24.72,1.4100000000000001,-2.02,2.49M
657,2019-08-28,23.42,25.99,23.32,2.669999999999998,-8.5,2.57M
658,2019-08-29,21.84,23.42,21.4,2.020000000000003,-6.74,2.88M
659,2019-08-30,22.17,22.62,21.59,1.0300000000000011,1.53,3.21M
660,2019-08-31,21.22,22.42,21.17,1.25,-4.27,2.50M
661,2019-09-01,21.54,21.83,21.16,0.6699999999999982,1.48,2.76M
662,2019-09-02,22.77,22.88,21.2,1.6799999999999997,5.72,3.51M
663,2019-09-03,22.5,22.93,22.33,0.6000000000000014,-1.17,2.49M
664,2019-09-04,21.83,22.74,21.63,1.1099999999999994,-3.02,2.03M
665,2019-09-05,22.76,23.58,21.6,1.9799999999999969,4.3,3.80M
666,2019-09-06,22.08,23.44,21.82,1.620000000000001,-2.99,3.44M
667,2019-09-07,22.48,22.75,21.95,0.8000000000000007,1.81,2.94M
668,2019-09-08,22.59,22.83,22.29,0.5399999999999991,0.45,2.44M
669,2019-09-09,22.33,22.64,21.99,0.6500000000000021,-1.13,2.03M
670,2019-09-10,22.07,22.55,21.65,0.9000000000000021,-1.14,1.81M
671,2019-09-11,20.97,22.26,20.78,1.4800000000000004,-4.99,2.08M
672,2019-09-12,20.92,21.13,19.96,1.1699999999999982,-0.25,3.08M
673,2019-09-13,20.93,21.27,20.64,0.629999999999999,0.0,2.64M
674,2019-09-14,21.1,21.27,20.88,0.39000000000000057,0.85,2.47M
675,2019-09-15,20.6,21.2,20.6,0.5999999999999979,-2.38,2.33M
676,2019-09-16,20.46,20.97,20.19,0.7799999999999976,-0.67,2.10M
677,2019-09-17,21.08,21.5,20.29,1.2100000000000009,3.01,3.27M
678,2019-09-18,22.22,23.16,21.03,2.129999999999999,5.38,5.51M
679,2019-09-19,21.61,22.46,20.53,1.9299999999999997,-2.72,2.87M
680,2019-09-20,21.4,21.69,21.1,0.5899999999999999,-0.97,2.70M
681,2019-09-21,21.14,21.56,21.03,0.5299999999999976,-1.22,2.28M
682,2019-09-22,20.55,21.17,20.32,0.8500000000000014,-2.78,2.07M
683,2019-09-23,19.59,20.56,19.45,1.1099999999999994,-4.71,2.19M
684,2019-09-24,16.01,19.75,15.94,3.8100000000000005,-18.23,4.67M
685,2019-09-25,16.25,22.8,15.42,7.380000000000001,1.46,3.25M
686,2019-09-26,15.41,16.65,14.65,1.9999999999999982,-5.15,3.29M
687,2019-09-27,15.65,15.74,14.82,0.9199999999999999,1.52,2.63M
688,2019-09-28,15.75,15.85,15.35,0.5,0.65,2.27M
689,2019-09-29,15.27,15.81,14.95,0.8600000000000012,-3.03,2.02M
690,2019-09-30,15.84,15.85,14.79,1.0600000000000005,3.73,2.31M
691,2019-10-01,15.85,16.17,15.66,0.5100000000000016,0.06,2.40M
692,2019-10-02,15.91,15.94,15.58,0.35999999999999943,0.36,1.94M
693,2019-10-03,15.7,15.97,15.44,0.5300000000000011,-1.33,2.34M
694,2019-10-04,15.65,15.86,15.42,0.4399999999999995,-0.32,2.52M
695,2019-10-05,15.71,15.8,15.46,0.33999999999999986,0.44,2.57M
696,2019-10-06,15.36,15.75,15.22,0.5299999999999994,-2.24,2.42M
697,2019-10-07,16.05,16.14,15.22,0.9199999999999999,4.45,2.97M
698,2019-10-08,16.04,16.34,15.82,0.5199999999999996,0.0,2.65M
699,2019-10-09,17.71,17.96,15.93,2.030000000000001,10.38,6.26M
700,2019-10-10,17.53,17.89,17.07,0.8200000000000003,-0.99,4.71M
701,2019-10-11,16.6,17.65,16.56,1.0899999999999999,-5.31,4.20M
702,2019-10-12,17.2,17.42,16.55,0.870000000000001,3.6,4.70M
703,2019-10-13,18.21,18.71,17.12,1.5899999999999999,5.86,5.15M
704,2019-10-14,18.43,18.61,17.86,0.75,1.25,4.38M
705,2019-10-15,18.44,19.13,18.12,1.009999999999998,0.05,7.09M
706,2019-10-16,17.76,18.58,17.44,1.139999999999997,-3.7,4.43M
707,2019-10-17,18.5,18.77,17.59,1.1799999999999997,4.17,4.88M
708,2019-10-18,18.2,18.74,17.71,1.0299999999999976,-1.62,3.84M
709,2019-10-19,18.17,18.42,17.86,0.5600000000000023,-0.19,3.64M
710,2019-10-20,18.47,18.57,17.75,0.8200000000000003,1.69,4.20M
711,2019-10-21,18.25,18.47,17.94,0.5299999999999976,-1.2,3.58M
712,2019-10-22,18.19,18.76,18.08,0.6800000000000033,-0.32,4.50M
713,2019-10-23,16.72,18.21,16.28,1.9299999999999997,-8.07,4.11M
714,2019-10-24,16.9,17.01,15.65,1.3600000000000012,1.06,3.58M
715,2019-10-25,18.6,19.02,15.68,3.34,10.05,6.62M
716,2019-10-26,18.93,19.66,18.06,1.6000000000000014,1.77,5.38M
717,2019-10-27,19.3,19.61,18.52,1.0899999999999999,1.96,5.45M
718,2019-10-28,19.9,21.09,19.27,1.8200000000000003,3.09,6.62M
719,2019-10-29,20.66,21.14,19.8,1.3399999999999999,3.83,5.84M
720,2019-10-30,19.9,20.75,19.07,1.6799999999999997,-3.68,4.38M
721,2019-10-31,19.85,20.25,19.3,0.9499999999999993,-0.27,4.37M
722,2019-11-01,19.9,19.98,19.62,0.35999999999999943,0.26,3.07M
723,2019-11-02,20.19,20.3,18.92,1.379999999999999,1.48,5.22M
724,2019-11-03,20.16,20.38,19.85,0.5299999999999976,-0.15,4.64M
725,2019-11-04,20.62,20.86,20.06,0.8000000000000007,2.24,4.92M
726,2019-11-05,20.62,20.86,20.34,0.5199999999999996,0.0,4.09M
727,2019-11-06,20.65,20.88,20.35,0.5299999999999976,0.14,3.93M
728,2019-11-07,20.4,20.77,19.96,0.8099999999999987,-1.2,3.31M
729,2019-11-08,19.71,20.48,19.39,1.0899999999999999,-3.37,3.02M
730,2019-11-09,19.76,20.0,19.56,0.4400000000000013,0.23,2.71M
731,2019-11-10,20.42,20.57,19.72,0.8500000000000014,3.36,3.75M
732,2019-11-11,20.11,20.6,19.81,0.7900000000000027,-1.51,2.98M
733,2019-11-12,20.89,20.89,20.06,0.8300000000000018,3.89,3.30M
734,2019-11-13,21.31,21.65,20.66,0.9899999999999984,2.0,3.76M
735,2019-11-14,21.21,21.54,20.88,0.6600000000000001,-0.46,3.43M
736,2019-11-15,20.31,21.23,20.07,1.1600000000000001,-4.28,3.78M
737,2019-11-16,20.1,20.61,19.85,0.759999999999998,-0.99,3.54M
738,2019-11-17,20.16,20.33,19.78,0.5499999999999972,0.28,3.89M
739,2019-11-18,19.1,20.16,18.85,1.3099999999999987,-5.27,3.90M
740,2019-11-19,18.48,19.39,18.25,1.1400000000000006,-3.25,3.63M
741,2019-11-20,18.02,18.7,17.39,1.3099999999999987,-2.46,3.81M
742,2019-11-21,16.81,21.68,16.64,5.039999999999999,-6.71,4.52M
743,2019-11-22,15.58,16.81,14.56,2.2499999999999982,-7.31,8.33M
744,2019-11-23,16.29,16.39,15.13,1.2599999999999998,4.54,5.60M
745,2019-11-24,15.21,16.52,15.12,1.4000000000000004,-6.65,5.43M
746,2019-11-25,15.3,15.87,14.15,1.7199999999999989,0.6,7.03M
747,2019-11-26,15.47,15.98,15.16,0.8200000000000003,1.16,4.69M
748,2019-11-27,16.03,16.16,14.89,1.2699999999999996,3.58,5.80M
749,2019-11-28,15.52,16.12,15.45,0.6700000000000017,-3.17,4.28M
750,2019-11-29,16.14,16.26,15.46,0.8000000000000007,4.02,5.54M
751,2019-11-30,15.68,16.19,15.42,0.7700000000000014,-2.89,4.95M
752,2019-12-01,15.53,15.69,15.01,0.6799999999999997,-0.93,4.12M
753,2019-12-02,15.21,15.7,15.14,0.5599999999999987,-2.06,3.98M
754,2019-12-03,15.32,15.53,15.13,0.3999999999999986,0.72,4.82M
755,2019-12-04,15.16,15.71,14.97,0.7400000000000002,-1.03,5.44M
756,2019-12-05,15.67,15.74,14.93,0.8100000000000005,3.35,5.72M
757,2019-12-06,15.7,15.79,15.35,0.4399999999999995,0.17,5.47M
758,2019-12-07,15.63,15.84,15.56,0.27999999999999936,-0.45,5.69M
759,2019-12-08,15.64,15.86,15.43,0.4299999999999997,0.08,5.35M
760,2019-12-09,15.44,15.91,15.29,0.620000000000001,-1.26,4.78M
761,2019-12-10,15.02,15.49,14.74,0.75,-2.75,4.43M
762,2019-12-11,14.86,15.12,14.68,0.4399999999999995,-1.07,3.93M
763,2019-12-12,14.83,14.94,14.57,0.3699999999999992,-0.2,3.71M
764,2019-12-13,14.91,15.04,14.77,0.2699999999999996,0.54,4.28M
765,2019-12-14,14.53,15.04,14.35,0.6899999999999995,-2.5,4.20M
766,2019-12-15,14.55,14.65,14.33,0.3200000000000003,0.09,3.90M
767,2019-12-16,13.61,14.58,13.47,1.1099999999999994,-6.47,4.79M
768,2019-12-17,12.37,13.65,12.15,1.5,-9.05,5.68M
769,2019-12-18,13.59,13.68,12.23,1.4499999999999993,9.79,6.65M
770,2019-12-19,13.35,13.76,12.95,0.8100000000000005,-1.74,4.79M
771,2019-12-20,13.56,13.57,13.12,0.45000000000000107,1.56,5.73M
772,2019-12-21,13.34,13.57,13.3,0.2699999999999996,-1.62,5.86M
773,2019-12-22,13.81,13.84,13.3,0.5399999999999991,3.55,5.81M
774,2019-12-23,13.35,14.0,13.25,0.75,-3.36,4.51M
775,2019-12-24,13.37,13.65,13.28,0.370000000000001,0.16,4.90M
776,2019-12-25,13.04,13.43,12.95,0.4800000000000004,-2.43,4.29M
777,2019-12-26,13.19,13.59,13.02,0.5700000000000003,1.14,4.59M
778,2019-12-27,13.3,13.34,13.0,0.33999999999999986,0.83,4.77M
779,2019-12-28,13.71,13.78,13.27,0.5099999999999998,3.04,5.65M
780,2019-12-29,14.11,14.2,13.61,0.5899999999999999,2.97,6.46M
781,2019-12-30,13.89,14.42,13.81,0.6099999999999994,-1.62,4.79M
782,2019-12-31,13.73,14.07,13.66,0.41000000000000014,-1.12,4.23M
783,2020-01-01,13.7,13.88,13.65,0.23000000000000043,-0.25,4.61M
784,2020-01-02,13.03,13.73,12.99,0.7400000000000002,-4.85,4.49M
785,2020-01-03,13.65,13.98,13.01,0.9700000000000006,4.72,4.84M
786,2020-01-04,13.85,13.89,13.53,0.3600000000000012,1.49,4.88M
787,2020-01-05,14.07,14.37,13.83,0.5399999999999991,1.58,5.18M
788,2020-01-06,14.96,15.01,14.04,0.9700000000000006,6.31,5.53M
789,2020-01-07,15.02,15.17,14.48,0.6899999999999995,0.44,4.88M
790,2020-01-08,14.54,15.32,14.23,1.0899999999999999,-3.22,4.56M
791,2020-01-09,14.4,14.62,14.23,0.3899999999999988,-0.98,3.91M
792,2020-01-10,15.06,15.1,13.76,1.3399999999999999,4.64,4.96M
793,2020-01-11,14.94,15.34,14.75,0.5899999999999999,-0.79,4.80M
794,2020-01-12,15.33,15.46,14.82,0.6400000000000006,2.58,5.92M
795,2020-01-13,15.17,15.36,14.93,0.4299999999999997,-1.05,5.71M
796,2020-01-14,16.65,16.89,15.17,1.7200000000000006,9.77,7.28M
797,2020-01-15,17.62,18.14,16.14,2.0,5.8,8.41M
798,2020-01-16,17.04,17.7,16.35,1.3499999999999979,-3.28,5.68M
799,2020-01-17,18.07,18.43,17.03,1.3999999999999986,6.04,7.33M
800,2020-01-18,17.81,18.35,17.45,0.9000000000000021,-1.46,5.40M
801,2020-01-19,17.36,18.45,16.73,1.7199999999999989,-2.5,6.20M
802,2020-01-20,17.31,17.56,16.81,0.75,-0.32,5.62M
803,2020-01-21,18.09,18.19,17.21,0.9800000000000004,4.5,6.57M
804,2020-01-22,17.8,18.71,17.56,1.1500000000000021,-1.61,5.18M
805,2020-01-23,17.04,17.83,16.75,1.0799999999999983,-4.26,5.15M
806,2020-01-24,17.05,17.43,16.44,0.9899999999999984,0.07,4.71M
807,2020-01-25,16.96,17.11,16.61,0.5,-0.55,4.87M
808,2020-01-26,17.46,17.52,16.82,0.6999999999999993,2.94,5.91M
809,2020-01-27,17.64,17.86,17.21,0.6499999999999986,1.05,5.11M
810,2020-01-28,17.99,18.13,17.46,0.6699999999999982,2.01,6.03M
811,2020-01-29,17.9,18.41,17.82,0.5899999999999999,-0.51,4.77M
812,2020-01-30,18.53,18.68,17.7,0.9800000000000004,3.54,5.60M
813,2020-01-31,18.2,18.83,17.82,1.009999999999998,-1.79,5.40M
814,2020-02-01,18.24,18.58,18.04,0.5399999999999991,0.2,5.52M
815,2020-02-02,18.41,18.75,17.86,0.8900000000000006,0.95,5.58M
816,2020-02-03,18.46,18.84,18.19,0.6499999999999986,0.27,4.90M
817,2020-02-04,18.17,18.61,18.17,0.4399999999999977,-1.57,4.61M
818,2020-02-05,19.25,19.44,16.71,2.7300000000000004,5.94,6.10M
819,2020-02-06,20.62,20.78,19.03,1.75,7.11,7.50M
820,2020-02-07,22.03,22.51,20.47,2.0400000000000027,6.83,9.06M
821,2020-02-08,21.76,22.16,20.91,1.25,-1.21,7.00M
822,2020-02-09,24.28,24.34,21.02,3.3200000000000003,11.57,9.15M
823,2020-02-10,25.14,25.72,23.3,2.419999999999998,3.57,12.23M
824,2020-02-11,25.68,25.77,24.15,1.620000000000001,2.15,9.66M
825,2020-02-12,26.43,26.95,25.33,1.620000000000001,2.92,7.07M
826,2020-02-13,25.53,27.2,24.66,2.539999999999999,-3.41,6.65M
827,2020-02-14,26.32,26.55,25.04,1.5100000000000016,3.09,6.46M
828,2020-02-15,24.28,26.5,23.55,2.9499999999999993,-7.77,6.71M
829,2020-02-16,23.4,25.3,21.82,3.4800000000000004,-3.62,6.98M
830,2020-02-17,23.45,23.63,21.57,2.0599999999999987,0.22,6.18M
831,2020-02-18,24.04,24.5,22.8,1.6999999999999993,2.51,5.86M
832,2020-02-19,22.31,24.36,22.07,2.289999999999999,-7.18,5.86M
833,2020-02-20,22.11,22.79,21.01,1.7799999999999976,-0.92,6.18M
834,2020-02-21,22.16,22.99,21.76,1.2299999999999969,0.23,6.55M
835,2020-02-22,22.03,22.35,21.5,0.8500000000000014,-0.59,5.69M
836,2020-02-23,22.81,23.13,21.9,1.2300000000000004,3.54,7.43M
837,2020-02-24,22.14,23.34,21.46,1.879999999999999,-2.91,6.09M
838,2020-02-25,20.24,22.19,20.1,2.09,-8.61,6.53M
839,2020-02-26,18.76,20.66,17.94,2.719999999999999,-7.32,9.58M
840,2020-02-27,19.2,19.65,17.68,1.9699999999999989,2.39,7.87M
841,2020-02-28,18.96,19.73,17.9,1.8300000000000018,-1.29,11.36M
842,2020-02-29,19.28,20.36,18.67,1.6899999999999977,1.68,15.68M
843,2020-03-01,18.89,20.23,18.38,1.8500000000000014,-2.0,8.67M
844,2020-03-02,19.93,20.25,18.63,1.620000000000001,5.52,8.50M
845,2020-03-03,19.63,20.35,19.27,1.0800000000000018,-1.53,6.65M
846,2020-03-04,19.98,20.25,19.52,0.7300000000000004,1.78,5.96M
847,2020-03-05,20.76,21.49,19.94,1.5499999999999972,3.9,7.03M
848,2020-03-06,21.37,21.76,20.67,1.0899999999999999,2.95,7.11M
849,2020-03-07,20.24,21.49,19.73,1.759999999999998,-5.27,5.52M
850,2020-03-08,16.93,20.27,16.74,3.530000000000001,-16.38,8.06M
851,2020-03-09,16.55,17.51,15.61,1.9000000000000021,-2.21,9.96M
852,2020-03-10,16.84,17.49,16.37,1.1199999999999974,1.74,7.60M
853,2020-03-11,16.54,17.14,15.43,1.7100000000000009,-1.78,6.00M
854,2020-03-12,9.25,16.66,8.98,7.68,-44.08,18.29M
855,2020-03-13,10.96,11.45,6.5,4.949999999999999,18.54,24.31M
856,2020-03-14,10.13,11.28,9.91,1.3699999999999992,-7.64,11.21M
857,2020-03-15,10.4,11.09,9.98,1.1099999999999994,2.74,12.62M
858,2020-03-16,9.42,10.41,8.47,1.9399999999999995,-9.41,13.27M
859,2020-03-17,10.29,10.49,9.34,1.1500000000000004,9.15,10.60M
860,2020-03-18,10.4,10.44,9.67,0.7699999999999996,1.12,9.72M
861,2020-03-19,12.3,12.69,10.25,2.4399999999999995,18.24,12.93M
862,2020-03-20,11.94,13.66,10.5,3.16,-2.95,14.04M
863,2020-03-21,12.11,12.45,11.31,1.1399999999999988,1.46,12.14M
864,2020-03-22,11.16,12.48,11.05,1.4299999999999997,-7.84,10.86M
865,2020-03-23,12.19,12.49,10.84,1.6500000000000004,9.24,10.85M
866,2020-03-24,12.34,12.56,11.37,1.1900000000000013,1.24,9.24M
867,2020-03-25,12.34,12.7,11.61,1.0899999999999999,0.0,7.60M
868,2020-03-26,13.21,13.27,12.19,1.08,7.02,7.03M
869,2020-03-27,12.33,13.37,12.24,1.129999999999999,-6.64,6.38M
870,2020-03-28,12.18,12.38,11.65,0.7300000000000004,-1.21,6.11M
871,2020-03-29,11.3,12.29,11.3,0.9899999999999984,-7.25,5.36M
872,2020-03-30,12.16,12.4,11.26,1.1400000000000006,7.62,8.22M
873,2020-03-31,12.55,12.72,12.1,0.620000000000001,3.21,9.56M
874,2020-04-01,12.71,12.74,11.98,0.7599999999999998,1.31,8.57M
875,2020-04-02,13.02,13.67,12.54,1.1300000000000008,2.45,10.32M
876,2020-04-03,13.36,13.58,12.91,0.6699999999999999,2.57,9.59M
877,2020-04-04,13.76,14.01,13.18,0.8300000000000001,2.99,9.73M
878,2020-04-05,13.69,13.96,13.41,0.5500000000000007,-0.52,9.29M
879,2020-04-06,15.19,15.22,13.63,1.5899999999999999,10.97,10.71M
880,2020-04-07,14.75,15.5,14.26,1.2400000000000002,-2.89,9.53M
881,2020-04-08,15.09,15.36,14.56,0.7999999999999989,2.34,8.18M
882,2020-04-09,15.01,15.22,14.69,0.5300000000000011,-0.55,9.52M
883,2020-04-10,13.72,15.07,13.49,1.58,-8.61,8.57M
884,2020-04-11,13.81,14.12,13.54,0.5800000000000001,0.64,7.74M
885,2020-04-12,14.29,14.83,13.65,1.1799999999999997,3.48,9.12M
886,2020-04-13,15.04,15.1,13.65,1.4499999999999993,5.26,8.99M
887,2020-04-14,15.6,15.96,14.78,1.1800000000000015,3.72,9.84M
888,2020-04-15,14.57,15.92,14.5,1.42,-6.59,8.79M
889,2020-04-16,15.63,15.75,12.96,2.789999999999999,7.26,9.27M
890,2020-04-17,15.63,15.94,12.96,2.9799999999999986,0.0,6.10M
891,2020-04-18,16.62,16.83,12.85,3.9799999999999986,6.33,9.24M
892,2020-04-19,16.06,16.7,15.86,0.8399999999999999,-3.36,7.23M
893,2020-04-20,14.96,16.66,14.87,1.790000000000001,-6.84,8.00M
894,2020-04-21,15.1,15.48,14.75,0.7300000000000004,0.92,7.61M
895,2020-04-22,15.7,15.84,14.91,0.9299999999999997,3.94,8.33M
896,2020-04-23,16.02,16.41,15.4,1.0099999999999998,2.03,9.43M
897,2020-04-24,15.91,16.34,15.7,0.6400000000000006,-0.63,7.75M
898,2020-04-25,16.22,16.46,15.72,0.7400000000000002,1.95,6.32M
899,2020-04-26,16.36,16.48,16.09,0.39000000000000057,0.84,6.66M
900,2020-04-27,16.49,16.66,16.07,0.5899999999999999,0.76,7.52M
901,2020-04-28,16.32,16.54,16.14,0.3999999999999986,-0.99,6.13M
902,2020-04-29,17.43,17.54,16.28,1.259999999999998,6.8,8.18M
903,2020-04-30,17.0,18.2,16.49,1.7100000000000009,-2.47,8.82M
904,2020-05-01,17.44,17.9,16.91,0.9899999999999984,2.56,7.22M
905,2020-05-02,17.51,17.58,17.27,0.3099999999999987,0.43,6.12M
906,2020-05-03,17.11,17.81,16.86,0.9499999999999993,-2.32,5.64M
907,2020-05-04,17.02,17.3,16.31,0.990000000000002,-0.48,5.97M
908,2020-05-05,16.86,17.31,16.58,0.7300000000000004,-0.97,5.69M
909,2020-05-06,16.37,17.14,16.34,0.8000000000000007,-2.89,5.72M
910,2020-05-07,17.0,17.24,16.2,1.0399999999999991,3.82,6.91M
911,2020-05-08,17.14,17.43,16.83,0.6000000000000014,0.85,5.51M
912,2020-05-09,16.81,17.49,16.81,0.6799999999999997,-1.94,6.06M
913,2020-05-10,15.28,16.81,14.03,2.7799999999999994,-9.08,9.58M
914,2020-05-11,15.12,15.56,14.05,1.5099999999999998,-1.03,8.35M
915,2020-05-12,15.76,16.23,14.21,2.0199999999999996,4.21,7.37M
916,2020-05-13,16.11,16.31,14.97,1.339999999999998,2.25,6.71M
917,2020-05-14,16.39,16.64,15.28,1.3600000000000012,1.68,7.31M
918,2020-05-15,15.71,16.53,15.56,0.9700000000000006,-4.1,6.04M
919,2020-05-16,16.05,16.27,15.58,0.6899999999999995,2.16,6.45M
920,2020-05-17,16.29,16.51,16.0,0.5100000000000016,1.45,5.49M
921,2020-05-18,16.63,16.87,16.2,0.6700000000000017,2.13,6.39M
922,2020-05-19,17.2,17.23,16.31,0.9200000000000017,3.43,6.67M
923,2020-05-20,16.9,17.33,16.55,0.7799999999999976,-1.78,5.21M
924,2020-05-21,16.09,17.05,15.76,1.290000000000001,-4.79,4.81M
925,2020-05-22,16.59,16.89,15.92,0.9700000000000006,3.16,5.33M
926,2020-05-23,16.47,16.84,16.33,0.5100000000000016,-0.74,4.93M
927,2020-05-24,16.01,16.79,16.01,0.7799999999999976,-2.83,4.92M
928,2020-05-25,16.38,16.4,15.87,0.5299999999999994,2.32,5.08M
929,2020-05-26,16.22,16.49,15.97,0.5199999999999978,-0.99,4.38M
930,2020-05-27,16.46,16.5,16.16,0.33999999999999986,1.51,5.01M
931,2020-05-28,17.08,17.14,16.39,0.75,3.75,5.32M
932,2020-05-29,17.0,17.18,16.68,0.5,-0.44,4.86M
933,2020-05-30,17.73,17.78,16.94,0.8399999999999999,4.28,5.42M
934,2020-05-31,17.11,18.16,16.87,1.2899999999999991,-3.51,4.77M
935,2020-06-01,17.92,18.08,16.99,1.0899999999999999,4.75,5.28M
936,2020-06-02,17.28,18.19,16.78,1.4100000000000001,-3.56,4.46M
937,2020-06-03,17.56,17.62,17.04,0.5800000000000018,1.58,4.48M
938,2020-06-04,17.52,17.67,17.08,0.5900000000000034,-0.22,3.99M
939,2020-06-05,17.7,17.89,17.45,0.4400000000000013,1.01,4.21M
940,2020-06-06,17.56,17.79,17.51,0.2799999999999976,-0.78,3.74M
941,2020-06-07,17.42,17.64,16.91,0.7300000000000004,-0.81,3.35M
942,2020-06-08,17.43,17.54,17.26,0.2799999999999976,0.07,3.05M
943,2020-06-09,17.37,17.51,17.12,0.39000000000000057,-0.33,3.02M
944,2020-06-10,17.39,17.57,17.25,0.3200000000000003,0.13,3.29M
945,2020-06-11,16.23,17.49,15.98,1.509999999999998,-6.7,3.25M
946,2020-06-12,16.64,16.78,16.1,0.6799999999999997,2.54,3.42M
947,2020-06-13,16.81,16.81,16.49,0.3200000000000003,1.01,3.57M
948,2020-06-14,16.56,16.84,16.43,0.41000000000000014,-1.46,3.14M
949,2020-06-15,16.38,16.6,15.54,1.0600000000000023,-1.12,2.88M
950,2020-06-16,16.43,16.62,16.16,0.46000000000000085,0.31,3.00M
951,2020-06-17,16.4,16.62,16.01,0.6099999999999994,-0.19,2.66M
952,2020-06-18,16.15,16.53,15.91,0.620000000000001,-1.47,2.48M
953,2020-06-19,15.98,16.28,15.91,0.370000000000001,-1.1,2.32M
954,2020-06-20,16.06,16.09,15.72,0.3699999999999992,0.5,2.42M
955,2020-06-21,15.97,16.31,15.94,0.3699999999999992,-0.54,2.30M
956,2020-06-22,16.5,16.52,15.96,0.5599999999999987,3.33,2.94M
957,2020-06-23,16.39,16.54,16.27,0.2699999999999996,-0.68,2.48M
958,2020-06-24,16.0,16.64,15.98,0.6600000000000001,-2.37,2.49M
959,2020-06-25,15.91,16.08,15.51,0.5699999999999985,-0.58,2.08M
960,2020-06-26,15.77,15.99,15.58,0.41000000000000014,-0.89,2.05M
961,2020-06-27,15.13,15.87,14.85,1.0199999999999996,-4.05,2.55M
962,2020-06-28,15.39,15.49,14.93,0.5600000000000005,1.74,2.93M
963,2020-06-29,15.46,15.59,15.21,0.379999999999999,0.45,2.66M
964,2020-06-30,15.4,15.54,15.25,0.28999999999999915,-0.38,2.18M
965,2020-07-01,15.81,15.88,15.34,0.5400000000000009,2.66,2.58M
966,2020-07-02,15.36,15.96,15.09,0.870000000000001,-2.88,2.26M
967,2020-07-03,15.28,15.48,15.26,0.22000000000000064,-0.53,1.94M
968,2020-07-04,15.56,15.63,15.23,0.40000000000000036,1.84,2.03M
969,2020-07-05,15.5,15.61,15.16,0.4499999999999993,-0.34,1.83M
970,2020-07-06,16.3,16.33,15.44,0.8899999999999988,5.13,2.47M
971,2020-07-07,16.8,16.86,16.06,0.8000000000000007,3.06,2.77M
972,2020-07-08,17.26,17.45,16.62,0.8299999999999983,2.76,3.23M
973,2020-07-09,16.84,17.47,16.49,0.9800000000000004,-2.47,2.70M
974,2020-07-10,17.3,17.33,16.44,0.889999999999997,2.76,2.82M
975,2020-07-11,17.62,17.68,17.03,0.6499999999999986,1.85,3.13M
976,2020-07-12,18.31,18.59,17.6,0.9899999999999984,3.89,4.01M
977,2020-07-13,18.42,18.99,17.73,1.259999999999998,0.62,4.28M
978,2020-07-14,18.09,18.76,17.88,0.8800000000000026,-1.77,3.43M
979,2020-07-15,17.63,18.15,17.44,0.7099999999999973,-2.55,2.91M
980,2020-07-16,17.15,17.76,16.56,1.2000000000000028,-2.73,3.20M
981,2020-07-17,17.07,17.48,16.99,0.490000000000002,-0.43,2.79M
982,2020-07-18,17.13,17.32,16.83,0.490000000000002,0.36,2.60M
983,2020-07-19,18.01,18.1,16.9,1.2000000000000028,5.1,3.75M
984,2020-07-20,17.47,18.33,17.28,1.0499999999999972,-3.0,3.68M
985,2020-07-21,17.72,17.98,17.4,0.5800000000000018,1.44,3.29M
986,2020-07-22,18.1,18.11,17.46,0.6499999999999986,2.15,3.39M
987,2020-07-23,18.76,18.76,18.05,0.7100000000000009,3.63,3.66M
988,2020-07-24,19.18,19.54,18.24,1.3000000000000007,2.28,4.12M
989,2020-07-25,19.8,20.03,19.16,0.870000000000001,3.2,4.41M
990,2020-07-26,19.55,20.25,19.34,0.9100000000000001,-1.23,4.23M
991,2020-07-27,19.79,20.18,18.45,1.7300000000000004,1.23,5.59M
992,2020-07-28,20.17,20.62,19.46,1.1600000000000001,1.87,5.19M
993,2020-07-29,19.84,19.85,19.8,0.05000000000000071,-1.61,3.43M
994,2020-07-30,19.98,20.09,19.56,0.5300000000000011,0.69,3.18M
995,2020-07-31,20.67,20.85,19.91,0.9400000000000013,3.44,3.35M
996,2020-08-01,21.62,21.75,20.58,1.1700000000000017,4.62,3.86M
997,2020-08-02,21.0,22.15,19.26,2.889999999999997,-2.87,5.00M
998,2020-08-03,22.07,22.49,20.72,1.7699999999999996,5.07,4.06M
999,2020-08-04,22.3,22.44,21.52,0.9200000000000017,1.07,3.65M
1000,2020-08-05,23.28,23.54,22.09,1.4499999999999993,4.39,5.36M
1001,2020-08-06,22.75,23.29,22.53,0.759999999999998,-2.3,3.64M
1002,2020-08-07,22.33,23.0,21.5,1.5,-1.8,4.14M
1003,2020-08-08,22.92,22.92,21.86,1.0600000000000023,2.63,3.37M
1004,2020-08-09,22.44,22.94,22.05,0.8900000000000006,-2.12,3.04M
1005,2020-08-10,22.63,22.78,22.08,0.7000000000000028,0.84,3.06M
1006,2020-08-11,21.27,22.72,20.7,2.0199999999999996,-6.01,4.55M
1007,2020-08-12,21.5,21.97,20.6,1.3699999999999974,1.1,3.57M
1008,2020-08-13,21.78,21.86,20.64,1.2199999999999989,1.28,4.38M
1009,2020-08-14,23.11,23.29,21.27,2.0199999999999996,6.13,5.34M
1010,2020-08-15,23.01,23.78,22.81,0.9700000000000024,-0.45,3.93M
1011,2020-08-16,23.5,23.77,22.72,1.0500000000000007,2.15,3.88M
1012,2020-08-17,23.5,23.92,23.0,0.9200000000000017,0.0,3.63M
1013,2020-08-18,23.01,23.77,22.37,1.3999999999999986,-2.1,3.86M
1014,2020-08-19,22.35,23.25,21.86,1.3900000000000006,-2.85,3.27M
1015,2020-08-20,23.07,23.3,22.02,1.2800000000000011,3.2,3.31M
1016,2020-08-21,22.06,23.33,21.63,1.6999999999999993,-4.36,3.85M
1017,2020-08-22,22.2,22.26,21.29,0.9700000000000024,0.62,3.00M
1018,2020-08-23,21.84,22.22,21.55,0.6699999999999982,-1.61,2.56M
1019,2020-08-24,22.61,22.96,21.67,1.2899999999999991,3.49,2.44M
1020,2020-08-25,21.39,22.63,20.99,1.6400000000000006,-5.36,3.53M
1021,2020-08-26,22.2,22.48,21.28,1.1999999999999993,3.76,3.85M
1022,2020-08-27,23.11,23.14,21.83,1.3100000000000023,4.09,4.46M
1023,2020-08-28,23.07,23.57,22.62,0.9499999999999993,-0.16,3.87M
1024,2020-08-29,22.94,23.5,22.75,0.75,-0.54,2.89M
1025,2020-08-30,23.63,23.83,22.91,0.9199999999999982,2.98,3.13M
1026,2020-08-31,23.13,23.9,22.99,0.9100000000000001,-2.09,2.94M
1027,2020-09-01,24.72,25.39,22.87,2.5199999999999996,6.87,6.86M
1028,2020-09-02,24.7,25.81,23.23,2.5799999999999983,-0.08,8.96M
1029,2020-09-03,20.33,25.54,20.18,5.359999999999999,-17.69,10.46M
1030,2020-09-04,20.95,21.83,19.42,2.4099999999999966,3.05,8.41M
1031,2020-09-05,19.47,21.53,18.02,3.5100000000000016,-7.1,5.88M
1032,2020-09-06,23.18,23.44,18.58,4.860000000000003,19.08,10.83M
1033,2020-09-07,22.45,23.55,20.13,3.4200000000000017,-3.17,7.46M
1034,2020-09-08,23.24,23.41,21.3,2.1099999999999994,3.52,7.72M
1035,2020-09-09,24.49,24.51,22.46,2.0500000000000007,5.38,5.97M
1036,2020-09-10,24.53,25.54,24.1,1.4399999999999977,0.18,6.22M
1037,2020-09-11,25.4,25.68,23.11,2.5700000000000003,3.55,5.40M
1038,2020-09-12,28.5,28.52,25.39,3.129999999999999,12.2,9.43M
1039,2020-09-13,31.16,32.32,28.13,4.190000000000001,9.31,15.13M
1040,2020-09-14,31.1,33.35,29.05,4.300000000000001,-0.18,12.31M
1041,2020-09-15,27.11,31.14,26.75,4.390000000000001,-12.83,10.69M
1042,2020-09-16,27.83,28.43,25.94,2.4899999999999984,2.64,7.79M
1043,2020-09-17,27.06,28.78,26.06,2.7200000000000024,-2.76,6.22M
1044,2020-09-18,27.67,28.73,26.65,2.080000000000002,2.26,5.75M
1045,2020-09-19,27.2,27.95,26.66,1.2899999999999991,-1.7,3.36M
1046,2020-09-20,26.37,27.31,25.14,2.169999999999998,-3.06,3.94M
1047,2020-09-21,23.03,26.65,22.32,4.329999999999998,-12.64,7.10M
1048,2020-09-22,24.03,24.55,22.75,1.8000000000000007,4.35,4.43M
1049,2020-09-23,22.81,24.32,22.47,1.8500000000000014,-5.1,4.21M
1050,2020-09-24,24.57,24.66,22.59,2.0700000000000003,7.74,4.39M
1051,2020-09-25,24.68,25.06,23.78,1.2799999999999976,0.44,3.80M
1052,2020-09-26,26.2,26.46,24.48,1.9800000000000004,6.14,4.14M
1053,2020-09-27,26.23,26.87,25.54,1.3300000000000018,0.13,3.43M
1054,2020-09-28,26.98,27.7,25.85,1.8499999999999979,2.87,4.28M
1055,2020-09-29,28.81,28.99,26.9,2.09,6.76,4.80M
1056,2020-09-30,29.32,29.55,27.9,1.6500000000000021,1.79,4.13M
1057,2020-10-01,27.48,29.38,26.26,3.1199999999999974,-6.28,5.34M
1058,2020-10-02,27.3,28.16,25.71,2.4499999999999993,-0.66,5.51M
1059,2020-10-03,28.18,28.38,27.08,1.3000000000000007,3.22,3.90M
1060,2020-10-04,29.01,29.1,28.01,1.0899999999999999,2.97,4.09M
1061,2020-10-05,28.59,29.25,28.1,1.1499999999999986,-1.46,3.05M
1062,2020-10-06,27.7,28.98,27.26,1.7199999999999989,-3.12,3.78M
1063,2020-10-07,27.7,27.9,26.84,1.0599999999999987,0.0,2.81M
1064,2020-10-08,27.69,27.8,26.54,1.2600000000000016,0.0,3.35M
1065,2020-10-09,28.38,28.51,27.48,1.0300000000000011,2.49,3.47M
1066,2020-10-10,28.38,29.24,28.11,1.129999999999999,0.0,3.23M
1067,2020-10-11,28.52,28.72,27.91,0.8099999999999987,0.51,3.21M
1068,2020-10-12,30.72,31.09,28.44,2.6499999999999986,7.71,5.87M
1069,2020-10-13,30.72,31.78,30.21,1.5700000000000003,0.0,4.54M
1070,2020-10-14,30.84,31.32,30.4,0.9200000000000017,0.39,3.39M
1071,2020-10-15,31.31,31.65,30.43,1.2199999999999989,1.52,3.67M
1072,2020-10-16,30.02,31.96,29.57,2.3900000000000006,-4.13,4.09M
1073,2020-10-17,30.23,30.56,29.68,0.879999999999999,0.71,2.57M
1074,2020-10-18,30.66,31.01,30.17,0.8399999999999999,1.43,3.10M
1075,2020-10-19,29.92,30.66,29.74,0.9200000000000017,-2.44,2.45M
1076,2020-10-20,28.8,30.08,28.5,1.5799999999999983,-3.74,3.55M
1077,2020-10-21,29.74,30.39,28.64,1.75,3.28,3.69M
1078,2020-10-22,30.65,31.29,29.71,1.5799999999999983,3.05,3.87M
1079,2020-10-23,30.64,31.17,30.09,1.0800000000000018,-0.03,2.81M
1080,2020-10-24,30.64,30.85,30.42,0.4299999999999997,0.02,2.25M
1081,2020-10-25,30.15,30.96,29.9,1.0600000000000023,-1.6,2.12M
1082,2020-10-26,31.04,31.39,29.96,1.4299999999999997,2.96,3.65M
1083,2020-10-27,31.5,32.37,30.91,1.4599999999999973,1.48,3.98M
1084,2020-10-28,30.33,31.93,29.81,2.120000000000001,-3.71,3.11M
1085,2020-10-29,29.86,30.42,29.49,0.9300000000000033,-1.55,2.76M
1086,2020-10-30,28.49,30.25,27.58,2.6700000000000017,-4.6,4.41M
1087,2020-10-31,28.51,28.88,28.13,0.75,0.07,2.77M
1088,2020-11-01,28.51,28.68,28.08,0.6000000000000014,0.0,2.65M
1089,2020-11-02,27.8,29.3,27.8,1.5,-2.5,2.95M
1090,2020-11-03,26.87,27.8,25.84,1.9600000000000009,-3.33,3.63M
1091,2020-11-04,26.94,26.96,25.95,1.0100000000000016,0.26,3.01M
1092,2020-11-05,27.69,27.89,26.68,1.2100000000000009,2.77,3.38M
1093,2020-11-06,29.06,29.44,27.68,1.7600000000000016,4.94,3.83M
1094,2020-11-07,27.76,29.86,26.9,2.960000000000001,-4.46,4.36M
1095,2020-11-08,28.38,28.7,27.46,1.2399999999999984,2.24,3.21M
1096,2020-11-09,28.09,28.94,27.36,1.5800000000000018,-1.05,3.05M
1097,2020-11-10,28.19,28.48,27.67,0.8099999999999987,0.38,3.00M
1098,2020-11-11,27.99,28.58,27.83,0.75,-0.72,2.66M
1099,2020-11-12,27.71,28.15,27.31,0.8399999999999999,-1.02,2.30M
1100,2020-11-13,28.19,28.51,27.52,0.990000000000002,1.75,2.65M
1101,2020-11-14,27.91,28.21,27.39,0.8200000000000003,-0.98,2.10M
1102,2020-11-15,27.66,28.22,27.08,1.1400000000000006,-0.9,2.04M
1103,2020-11-16,27.96,28.21,27.45,0.7600000000000016,1.08,2.36M
1104,2020-11-17,28.56,28.75,27.93,0.8200000000000003,2.12,3.06M
1105,2020-11-18,28.07,28.77,27.51,1.259999999999998,-1.7,3.08M
1106,2020-11-19,28.1,28.35,27.62,0.7300000000000004,0.1,2.77M
1107,2020-11-20,28.96,29.3,28.08,1.2200000000000024,3.05,3.35M
1108,2020-11-21,30.5,30.79,28.33,2.460000000000001,5.31,4.24M
1109,2020-11-22,30.04,31.12,29.0,2.120000000000001,-1.5,3.92M
1110,2020-11-23,30.98,31.06,29.8,1.259999999999998,3.14,3.94M
1111,2020-11-24,33.91,35.13,31.59,3.5400000000000027,9.46,9.72M
1112,2020-11-25,31.29,35.38,30.54,4.840000000000003,-7.74,6.28M
1113,2020-11-26,28.22,31.76,26.45,5.310000000000002,-9.8,8.78M
1114,2020-11-27,28.44,28.71,27.23,1.4800000000000004,0.78,3.26M
1115,2020-11-28,29.16,29.61,27.92,1.6899999999999977,2.52,3.54M
1116,2020-11-29,30.09,30.45,28.92,1.5299999999999976,3.18,3.78M
1117,2020-11-30,31.49,31.59,29.72,1.870000000000001,4.67,3.82M
1118,2020-12-01,30.21,31.88,29.23,2.6499999999999986,-4.08,4.15M
1119,2020-12-02,30.3,30.99,29.61,1.379999999999999,0.3,2.93M
1120,2020-12-03,30.7,30.79,29.89,0.8999999999999986,1.33,2.43M
1121,2020-12-04,29.03,31.19,28.81,2.3800000000000026,-5.44,2.67M
1122,2020-12-05,29.73,30.04,28.65,1.3900000000000006,2.41,2.34M
1123,2020-12-06,29.56,30.17,29.01,1.1600000000000001,-0.57,1.72M
1124,2020-12-07,29.37,29.65,29.0,0.6499999999999986,-0.66,1.64M
1125,2020-12-08,27.68,29.52,27.47,2.0500000000000007,-5.76,2.86M
1126,2020-12-09,28.14,28.42,26.94,1.4800000000000004,1.67,2.51M
1127,2020-12-10,27.66,28.25,27.45,0.8000000000000007,-1.71,1.74M
1128,2020-12-11,27.33,27.79,26.73,1.0599999999999987,-1.19,1.70M
1129,2020-12-12,28.14,28.23,27.28,0.9499999999999993,2.98,1.75M
1130,2020-12-13,29.14,29.26,28.02,1.240000000000002,3.53,2.18M
1131,2020-12-14,30.03,30.18,28.66,1.5199999999999996,3.05,2.68M
1132,2020-12-15,29.51,30.35,29.33,1.0200000000000031,-1.71,2.61M
1133,2020-12-16,30.56,30.62,29.04,1.5800000000000018,3.54,3.09M
1134,2020-12-17,30.22,31.51,29.76,1.75,-1.09,4.49M
1135,2020-12-18,30.96,31.21,29.69,1.5199999999999996,2.43,2.87M
1136,2020-12-19,33.3,34.21,30.91,3.3000000000000007,7.56,5.31M
1137,2020-12-20,34.27,35.63,32.61,3.020000000000003,2.92,5.83M
1138,2020-12-21,32.15,35.6,31.53,4.07,-6.18,6.15M
1139,2020-12-22,33.52,33.77,30.5,3.270000000000003,4.24,5.01M
1140,2020-12-23,31.19,34.43,30.03,4.399999999999999,-6.94,5.45M
1141,2020-12-24,32.51,32.74,30.4,2.3400000000000034,4.22,3.93M
1142,2020-12-25,33.18,33.48,31.8,1.6799999999999962,2.06,3.35M
1143,2020-12-26,33.59,34.0,32.57,1.4299999999999997,1.23,3.17M
1144,2020-12-27,33.68,34.97,31.97,3.0,0.26,4.90M
1145,2020-12-28,35.94,36.09,33.35,2.740000000000002,6.72,5.58M
1146,2020-12-29,39.1,39.7,35.31,4.390000000000001,8.8,9.68M
1147,2020-12-30,38.1,39.21,36.84,2.3699999999999974,-2.56,3.38M
1148,2020-12-31,37.34,38.19,36.73,1.4600000000000009,-2.01,2.57M
1149,2021-01-01,37.72,38.93,36.98,1.9500000000000028,1.04,3.24M
1150,2021-01-02,38.23,38.46,36.81,1.6499999999999986,1.35,3.94M
1151,2021-01-03,41.22,41.64,37.78,3.8599999999999994,7.81,6.34M
1152,2021-01-04,41.1,43.21,38.09,5.119999999999997,-0.29,6.87M
1153,2021-01-05,41.79,41.79,38.86,2.9299999999999997,1.68,4.88M
1154,2021-01-06,42.19,42.19,40.5,1.6899999999999977,0.95,5.24M
1155,2021-01-07,43.64,44.47,41.41,3.0600000000000023,3.45,6.79M
1156,2021-01-08,42.33,43.65,40.34,3.309999999999995,-3.01,4.69M
1157,2021-01-09,43.83,44.02,41.51,2.510000000000005,3.55,3.56M
1158,2021-01-10,42.43,45.12,40.14,4.979999999999997,-3.19,5.55M
1159,2021-01-11,38.26,42.44,35.1,7.339999999999996,-9.84,8.52M
1160,2021-01-12,38.25,40.01,37.13,2.8799999999999955,0.0,4.38M
1161,2021-01-13,40.12,40.42,37.05,3.3700000000000045,4.89,3.91M
1162,2021-01-14,41.88,41.93,39.65,2.280000000000001,4.39,3.59M
1163,2021-01-15,40.91,42.54,38.87,3.6700000000000017,-2.31,3.77M
1164,2021-01-16,43.1,44.1,40.68,3.4200000000000017,5.35,3.56M
1165,2021-01-17,45.78,46.69,40.94,5.75,6.21,4.26M
1166,2021-01-18,45.35,46.88,44.07,2.8100000000000023,-0.93,3.37M
1167,2021-01-19,42.62,47.19,41.75,5.439999999999998,-6.02,5.77M
1168,2021-01-20,42.57,42.76,40.29,2.469999999999999,-0.13,4.23M
1169,2021-01-21,38.68,42.63,38.37,4.260000000000005,-9.14,3.88M
1170,2021-01-22,40.87,41.35,36.92,4.43,5.66,3.47M
1171,2021-01-23,40.92,41.83,39.5,2.3299999999999983,0.11,2.79M
1172,2021-01-24,41.82,42.2,40.36,1.8400000000000034,2.22,2.59M
1173,2021-01-25,41.78,43.38,40.57,2.8100000000000023,-0.11,3.14M
1174,2021-01-26,41.74,42.51,39.87,2.6400000000000006,-0.1,3.24M
1175,2021-01-27,40.99,42.05,39.67,2.3799999999999955,-1.8,2.93M
1176,2021-01-28,42.47,43.08,40.36,2.719999999999999,3.63,3.35M
1177,2021-01-29,42.87,44.0,41.84,2.1599999999999966,0.93,3.91M
1178,2021-01-30,44.76,45.09,42.6,2.490000000000002,4.4,3.24M
1179,2021-01-31,44.27,45.78,43.35,2.4299999999999997,-1.08,2.92M
1180,2021-02-01,51.42,52.32,43.43,8.89,16.13,7.97M
1181,2021-02-02,50.99,52.99,49.26,3.730000000000004,-0.82,5.78M
1182,2021-02-03,52.13,52.56,49.82,2.740000000000002,2.24,3.41M
1183,2021-02-04,55.66,56.65,51.46,5.189999999999998,6.76,4.52M
1184,2021-02-05,67.75,68.72,55.66,13.060000000000002,21.74,5.75M
1185,2021-02-06,72.58,75.43,61.96,13.470000000000006,7.12,8.97M
1186,2021-02-07,68.4,74.62,64.35,10.27000000000001,-5.76,6.25M
1187,2021-02-08,79.71,79.75,67.72,12.030000000000001,16.53,8.52M
1188,2021-02-09,107.6,115.33,78.23,37.099999999999994,35.0,13.65M
1189,2021-02-10,128.72,148.27,107.61,40.66000000000001,19.62,18.37M
1190,2021-02-11,124.03,132.76,118.07,14.689999999999998,-3.64,6.54M
1191,2021-02-12,136.52,140.93,121.1,19.830000000000013,10.07,6.22M
1192,2021-02-13,133.07,138.47,125.07,13.400000000000006,-2.52,4.20M
1193,2021-02-14,135.98,138.78,128.53,10.25,2.18,4.90M
1194,2021-02-15,129.98,142.07,118.64,23.429999999999993,-4.41,5.26M
1195,2021-02-16,130.09,133.43,126.34,7.090000000000003,0.08,3.57M
1196,2021-02-17,165.38,175.33,126.91,48.420000000000016,27.13,10.82M
1197,2021-02-18,195.74,199.66,163.11,36.54999999999998,18.36,11.91M
1198,2021-02-19,332.74,346.82,195.07,151.75,69.99,21.23M
1199,2021-02-20,254.36,334.15,223.93,110.21999999999997,-23.56,14.42M
1200,2021-02-21,293.76,308.54,249.64,58.900000000000034,15.49,11.49M
1201,2021-02-22,267.43,295.15,222.44,72.70999999999998,-8.97,13.34M
1202,2021-02-23,231.72,268.69,188.71,79.97999999999999,-13.35,16.50M
1203,2021-02-24,254.26,280.66,213.89,66.77000000000004,9.73,12.30M
1204,2021-02-25,233.7,264.46,232.19,32.26999999999998,-8.09,7.22M
1205,2021-02-26,222.08,238.71,209.98,28.730000000000018,-4.97,7.82M
1206,2021-02-27,225.07,237.7,219.32,18.379999999999995,1.35,4.46M
1207,2021-02-28,210.04,228.47,195.22,33.25,-6.68,6.00M
1208,2021-03-01,254.72,259.51,209.51,50.0,21.27,8.32M
1209,2021-03-02,239.46,264.41,227.61,36.80000000000001,-5.99,5.71M
1210,2021-03-03,240.85,254.37,236.51,17.860000000000014,0.58,4.51M
1211,2021-03-04,229.7,249.66,225.65,24.00999999999999,-4.63,4.24M
1212,2021-03-05,225.63,230.91,215.91,15.0,-1.77,3.90M
1213,2021-03-06,226.26,232.25,219.73,12.52000000000001,0.28,2.84M
1214,2021-03-07,240.02,243.72,225.2,18.52000000000001,6.08,3.71M
1215,2021-03-08,240.59,242.78,229.09,13.689999999999998,0.24,3.21M
1216,2021-03-09,292.99,297.08,235.87,61.20999999999998,21.78,8.18M
1217,2021-03-10,278.15,295.31,268.74,26.569999999999993,-5.07,6.32M
1218,2021-03-11,290.07,314.44,272.98,41.45999999999998,4.29,6.91M
1219,2021-03-12,263.42,290.22,251.44,38.78000000000003,-9.19,6.19M
1220,2021-03-13,275.89,283.56,255.95,27.610000000000014,4.73,4.11M
1221,2021-03-14,264.25,276.77,264.25,12.519999999999982,-4.22,2.58M
1222,2021-03-15,254.22,267.59,250.05,17.539999999999964,-3.79,3.54M
1223,2021-03-16,258.28,259.13,241.44,17.689999999999998,1.6,3.19M
1224,2021-03-17,269.86,271.04,249.02,22.02000000000001,4.48,3.02M
1225,2021-03-18,261.09,277.73,257.7,20.03000000000003,-3.25,3.33M
1226,2021-03-19,263.15,269.0,255.39,13.610000000000014,0.79,2.41M
1227,2021-03-20,264.1,274.49,261.65,12.840000000000032,0.36,2.52M
1228,2021-03-21,264.74,267.92,257.12,10.800000000000011,0.24,2.12M
1229,2021-03-22,255.03,276.81,253.43,23.379999999999995,-3.67,3.44M
1230,2021-03-23,255.43,262.75,252.27,10.47999999999999,0.16,2.82M
1231,2021-03-24,248.59,268.6,240.41,28.190000000000026,-2.68,3.50M
1232,2021-03-25,234.25,249.72,225.9,23.819999999999993,-5.77,3.74M
1233,2021-03-26,254.99,255.09,233.95,21.140000000000015,8.85,2.79M
1234,2021-03-27,269.32,275.91,249.86,26.05000000000001,5.62,3.29M
1235,2021-03-28,268.87,281.24,261.24,20.0,-0.17,3.50M
1236,2021-03-29,275.12,277.49,264.92,12.569999999999993,2.32,2.90M
1237,2021-03-30,311.41,311.41,271.3,40.110000000000014,13.19,5.78M
1238,2021-03-31,302.18,316.44,287.24,29.19999999999999,-2.96,4.95M
1239,2021-04-01,334.33,339.0,300.79,38.20999999999998,10.64,4.61M
1240,2021-04-02,338.25,356.51,326.06,30.44999999999999,1.17,4.45M
1241,2021-04-03,321.53,348.99,316.06,32.93000000000001,-4.94,3.29M
1242,2021-04-04,349.37,352.21,316.54,35.66999999999996,8.66,2.90M
1243,2021-04-05,367.41,379.45,335.86,43.589999999999975,5.16,3.67M
1244,2021-04-06,402.69,411.6,364.2,47.400000000000034,9.6,4.69M
1245,2021-04-07,375.47,414.08,358.2,55.879999999999995,-6.76,6.40M
1246,2021-04-08,417.71,421.63,372.48,49.14999999999998,11.25,4.25M
1247,2021-04-09,453.5,453.5,404.83,48.670000000000016,8.57,3.80M
1248,2021-04-10,472.25,486.69,451.23,35.45999999999998,4.14,4.81M
1249,2021-04-11,525.54,528.95,459.5,69.45000000000005,11.28,3.77M
1250,2021-04-12,598.62,636.11,515.56,120.55000000000007,13.91,9.53M
1251,2021-04-13,550.1,602.31,533.3,69.00999999999999,-8.1,5.62M
1252,2021-04-14,549.61,590.36,525.39,64.97000000000003,-0.09,4.36M
1253,2021-04-15,542.31,556.32,534.85,21.470000000000027,-1.33,2.41M
1254,2021-04-16,508.73,547.51,491.21,56.30000000000001,-6.19,4.33M
1255,2021-04-17,515.13,547.78,506.9,40.879999999999995,1.26,3.06M
1256,2021-04-18,481.42,520.0,429.96,90.04000000000002,-6.54,4.66M
1257,2021-04-19,503.97,539.96,469.31,70.65000000000003,4.68,5.23M
1258,2021-04-20,587.5,588.98,474.35,114.63,16.57,5.96M
1259,2021-04-21,543.34,612.86,537.64,75.22000000000003,-7.52,5.96M
1260,2021-04-22,505.84,582.15,482.81,99.33999999999997,-6.9,6.69M
1261,2021-04-23,526.56,529.95,450.94,79.01000000000005,4.1,7.19M
1262,2021-04-24,497.5,527.18,483.39,43.789999999999964,-5.52,3.16M
1263,2021-04-25,504.29,516.91,479.4,37.50999999999999,1.37,2.64M
1264,2021-04-26,535.23,549.96,502.41,47.55000000000001,6.14,3.25M
1265,2021-04-27,568.8,578.33,525.76,52.57000000000005,6.27,2.95M
1266,2021-04-28,562.49,578.8,539.59,39.20999999999992,-1.11,2.67M
1267,2021-04-29,600.38,614.64,554.73,59.90999999999997,6.74,4.73M
1268,2021-04-30,623.33,627.71,586.03,41.680000000000064,3.82,3.75M
1269,2021-05-01,619.84,643.21,611.49,31.720000000000027,-0.56,2.72M
1270,2021-05-02,621.95,628.93,595.75,33.17999999999995,0.34,2.35M
1271,2021-05-03,676.56,679.98,621.56,58.42000000000007,8.78,3.14M
1272,2021-05-04,619.96,677.67,619.79,57.879999999999995,-8.37,4.13M
1273,2021-05-05,650.99,656.35,620.55,35.80000000000007,5.01,2.55M
1274,2021-05-06,633.28,653.58,620.02,33.56000000000006,-2.72,2.35M
1275,2021-05-07,624.02,644.14,612.12,32.01999999999998,-1.46,2.26M
1276,2021-05-08,646.18,657.77,618.73,39.039999999999964,3.55,2.33M
1277,2021-05-09,661.65,678.27,631.44,46.82999999999993,2.39,2.45M
1278,2021-05-10,631.68,690.87,592.52,98.35000000000002,-4.53,3.24M
1279,2021-05-11,672.26,672.98,622.87,50.110000000000014,6.42,2.78M
1280,2021-05-12,585.6,684.51,585.35,99.15999999999997,-12.89,2.92M
1281,2021-05-13,571.76,632.91,527.16,105.75,-2.36,5.74M
1282,2021-05-14,602.46,614.69,566.69,48.0,5.37,2.30M
1283,2021-05-15,562.85,610.39,560.58,49.809999999999945,-6.57,2.38M
1284,2021-05-16,563.41,606.53,535.01,71.51999999999998,0.1,3.07M
1285,2021-05-17,511.76,563.38,484.3,79.07999999999998,-9.17,4.24M
1286,2021-05-18,508.28,533.45,496.65,36.80000000000007,-0.68,2.86M
1287,2021-05-19,335.12,515.55,282.3,233.24999999999994,-34.07,11.92M
1288,2021-05-20,392.64,423.5,287.48,136.01999999999998,17.16,8.49M
1289,2021-05-21,326.44,414.79,276.78,138.01000000000005,-16.86,9.21M
1290,2021-05-22,299.25,334.69,286.5,48.19,-8.33,5.57M
1291,2021-05-23,261.57,312.85,212.41,100.44000000000003,-12.59,9.23M
1292,2021-05-24,345.02,349.89,257.97,91.91999999999996,31.9,8.07M
1293,2021-05-25,343.77,374.86,307.55,67.31,-0.36,7.93M
1294,2021-05-26,379.22,387.25,337.4,49.85000000000002,10.31,5.82M
1295,2021-05-27,367.46,387.17,340.81,46.360000000000014,-3.1,5.18M
1296,2021-05-28,329.31,373.28,313.42,59.85999999999996,-10.38,6.31M
1297,2021-05-29,304.76,346.88,296.43,50.44999999999999,-7.45,4.57M
1298,2021-05-30,325.59,337.77,291.72,46.049999999999955,6.83,4.52M
1299,2021-05-31,353.74,355.43,307.9,47.53000000000003,8.65,4.97M
1300,2021-06-01,362.39,364.16,340.56,23.600000000000023,2.45,4.42M
1301,2021-06-02,401.12,417.41,351.19,66.22000000000003,10.69,5.26M
1302,2021-06-03,427.59,432.58,391.83,40.75,6.6,5.06M
1303,2021-06-04,390.97,428.71,366.56,62.14999999999998,-8.56,5.92M
1304,2021-06-05,390.09,425.57,374.62,50.94999999999999,-0.23,4.79M
1305,2021-06-06,393.2,399.82,382.07,17.75,0.8,2.27M
1306,2021-06-07,358.08,406.99,354.55,52.44,-8.93,3.60M
1307,2021-06-08,352.64,365.89,320.39,45.5,-1.52,5.99M
1308,2021-06-09,375.29,378.44,333.69,44.75,6.42,4.24M
1309,2021-06-10,351.43,376.81,344.96,31.850000000000023,-6.36,2.96M
1310,2021-06-11,345.46,365.51,341.53,23.980000000000018,-1.7,2.71M
1311,2021-06-12,343.23,348.75,325.63,23.120000000000005,-0.65,2.55M
1312,2021-06-13,365.83,369.0,330.64,38.360000000000014,6.58,2.39M
1313,2021-06-14,370.06,377.02,355.23,21.789999999999964,1.16,2.42M
1314,2021-06-15,366.78,379.49,363.84,15.650000000000034,-0.89,1.90M
1315,2021-06-16,347.15,366.77,343.49,23.279999999999973,-5.35,1.89M
1316,2021-06-17,352.64,362.36,346.18,16.180000000000007,1.58,1.53M
1317,2021-06-18,336.67,357.03,327.39,29.639999999999986,-4.53,1.95M
1318,2021-06-19,334.19,344.33,331.88,12.449999999999989,-0.74,1.33M
1319,2021-06-20,339.47,340.38,310.54,29.839999999999975,1.58,1.99M
1320,2021-06-21,271.8,341.52,269.45,72.07,-19.94,4.55M
1321,2021-06-22,261.45,290.65,225.93,64.71999999999997,-3.8,6.75M
1322,2021-06-23,296.14,309.45,251.9,57.54999999999998,13.27,4.07M
1323,2021-06-24,308.31,316.2,281.74,34.45999999999998,4.11,3.12M
1324,2021-06-25,281.13,314.08,275.62,38.45999999999998,-8.81,3.26M
1325,2021-06-26,279.45,290.05,264.47,25.579999999999984,-0.6,2.63M
1326,2021-06-27,290.86,291.08,270.0,21.079999999999984,4.08,1.79M
1327,2021-06-28,289.83,298.93,283.91,15.019999999999982,-0.35,2.16M
1328,2021-06-29,299.88,315.04,289.27,25.77000000000004,3.47,2.43M
1329,2021-06-30,303.25,304.71,281.84,22.870000000000005,1.12,2.36M
1330,2021-07-01,287.63,303.41,281.4,22.010000000000048,-5.15,1.62M
1331,2021-07-02,287.38,290.58,276.78,13.800000000000011,-0.09,1.18M
1332,2021-07-03,299.25,302.93,283.06,19.870000000000005,4.13,1.11M
1333,2021-07-04,307.88,314.73,299.1,15.629999999999995,2.88,1.50M
1334,2021-07-05,302.31,307.88,292.4,15.480000000000018,-1.81,1.62M
1335,2021-07-06,320.02,321.89,301.95,19.939999999999998,5.86,2.34M
1336,2021-07-07,327.68,339.36,318.33,21.03000000000003,2.39,2.02M
1337,2021-07-08,310.52,328.17,307.04,21.129999999999995,-5.24,1.89M
1338,2021-07-09,316.77,319.48,302.28,17.200000000000045,2.01,1.28M
1339,2021-07-10,316.07,321.2,310.82,10.379999999999995,-0.22,958.95K
1340,2021-07-11,321.88,326.55,312.28,14.270000000000039,1.84,929.54K
1341,2021-07-12,316.17,334.34,308.77,25.569999999999993,-1.77,1.52M
1342,2021-07-13,308.98,318.16,305.35,12.810000000000002,-2.27,1.08M
1343,2021-07-14,309.45,313.29,290.93,22.360000000000014,0.15,1.65M
1344,2021-07-15,315.58,324.15,301.92,22.22999999999996,1.98,2.49M
1345,2021-07-16,302.84,323.21,301.85,21.359999999999957,-4.04,1.77M
1346,2021-07-17,300.31,306.41,295.11,11.300000000000011,-0.84,1.31M
1347,2021-07-18,302.18,309.0,299.6,9.399999999999977,0.62,1.03M
1348,2021-07-19,280.47,303.49,279.38,24.110000000000014,-7.18,1.63M
1349,2021-07-20,264.59,283.25,255.79,27.460000000000008,-5.66,2.25M
1350,2021-07-21,293.08,298.69,261.51,37.18000000000001,10.77,2.18M
1351,2021-07-22,293.53,297.69,287.55,10.139999999999986,0.15,1.47M
1352,2021-07-23,298.89,301.15,281.68,19.46999999999997,1.83,1.98M
1353,2021-07-24,303.15,305.01,296.16,8.849999999999966,1.42,1.81M
1354,2021-07-25,302.57,303.09,292.85,10.239999999999952,-0.19,1.25M
1355,2021-07-26,304.31,327.62,301.19,26.430000000000007,0.58,2.86M
1356,2021-07-27,303.29,307.62,298.53,9.090000000000032,-0.33,2.26M
